"TreeID","X","Y","Radius","Error","H","h_radius","dbh","Plot","Plot_ID","Plot_name","dbh_cm"
1,15.2291081606983,-2.98869001593629,0.161892626579689,0.000507907646506447,23.8099994493269,1.3,0.323785253159379,"Plot 1","9_Tree1_Hood",1,32.3785253159379
2,13.1418804169323,0.131554499226286,0.095111516654224,0.000538829453483081,22.7299995417681,1.3,0.190223033308448,"Plot 1","9_Tree1_Hood",1,19.0223033308448
3,12.6351771663048,-9.50965881406398,0.158874627208342,0.000485599584896087,22.1000003614713,1.3,0.317749254416685,"Plot 1","9_Tree1_Hood",1,31.7749254416685
4,12.1044300618094,3.42774933424234,0.116149872115037,0.000433812030482842,23.6200008214429,1.3,0.232299744230073,"Plot 1","9_Tree1_Hood",1,23.2299744230073
5,12.0334310516077,2.31978545593705,0.141645468815496,0.000373007260133146,23.9300002957167,1.3,0.283290937630993,"Plot 1","9_Tree1_Hood",1,28.3290937630993
6,7.52371669493717,-4.95450240066716,0.0962116540259345,0.000361078550767449,22.5400009138841,1.3,0.192423308051869,"Plot 1","9_Tree1_Hood",1,19.2423308051869
7,7.21778881530552,5.33041531823092,0.0332114477784516,0.0003848643829773,23.5300006703005,1.3,0.0664228955569033,"Plot 1","9_Tree1_Hood",1,6.64228955569033
8,7.11567876790609,0.882136740620801,0.0842628833310325,0.000352146320018945,23.559999459398,1.3,0.168525766662065,"Plot 1","9_Tree1_Hood",1,16.8525766662065
9,7.22126177394008,5.25186564813353,0.0327880394948704,0.000399231159674512,23.2299995216259,1.3,0.0655760789897408,"Plot 1","9_Tree1_Hood",1,6.55760789897408
10,6.66990067885258,-7.39071084054113,0.149370637226684,0.000258263504552711,23.1200008131351,1.3,0.298741274453369,"Plot 1","9_Tree1_Hood",1,29.8741274453369
11,6.3266505332181,4.11635051568317,0.13735296885737,0.000177317402454977,23.3799991571132,1.3,0.27470593771474,"Plot 1","9_Tree1_Hood",1,27.470593771474
12,5.9502417509958,-9.31511819299599,0.63282347190988,0.000877296755540879,21.9300002909357,1.3,1.26564694381976,"Plot 1","9_Tree1_Hood",1,126.564694381976
13,5.70388737820083,-9.97658471183631,0.0639118849755271,0.000444508693852185,20.9699992951668,1.3,0.127823769951054,"Plot 1","9_Tree1_Hood",1,12.7823769951054
14,5.59954754057977,-11.734613466708,0.0851964834973474,0.000517305847852686,19.2700004390604,1.3,0.170392966994695,"Plot 1","9_Tree1_Hood",1,17.0392966994695
15,5.38433960548192,7.30321296097855,0.134513966206359,0.000241299401332482,23.3099994410191,1.3,0.269027932412718,"Plot 1","9_Tree1_Hood",1,26.9027932412718
17,4.1597379396066,11.2969774873458,0.142114538465813,0.000561986557972643,23.5499992276488,1.3,0.284229076931626,"Plot 1","9_Tree1_Hood",1,28.4229076931626
18,4.03593594734892,1.21154262587129,0.120807635222888,0.000209676234817589,20.1700000727844,1.3,0.241615270445775,"Plot 1","9_Tree1_Hood",1,24.1615270445775
19,4.01457536167344,-5.22818536732127,0.105169107827042,0.000250878821120111,22.5799999062808,1.3,0.210338215654084,"Plot 1","9_Tree1_Hood",1,21.0338215654084
20,2.99437230330849,9.06720905054927,0.0909506776371937,0.000515406351300005,23.9300002957167,1.3,0.181901355274387,"Plot 1","9_Tree1_Hood",1,18.1901355274387
21,2.45420349021799,-8.46850293186723,0.0977761005901863,0.000279855841587566,23.0100002269444,1.3,0.195552201180373,"Plot 1","9_Tree1_Hood",1,19.5552201180373
22,2.08424353281395,8.07802902965629,0.221839137774526,0.00244669826902697,23.2199992898767,1.3,0.443678275549052,"Plot 1","9_Tree1_Hood",1,44.3678275549052
25,1.54640419767493,-11.5600786822144,0.0519787027523083,0.000738351928906311,22.0900001297222,1.3,0.103957405504617,"Plot 1","9_Tree1_Hood",1,10.3957405504616
26,1.48005720085702,6.68076571297907,0.0790193130879713,0.000296639581929359,23.9200000639676,1.3,0.158038626175943,"Plot 1","9_Tree1_Hood",1,15.8038626175943
28,-6.37795849412227,0.19063741647911,0.145777675577367,0.000334864921012457,23.690000509087,1.3,0.291555351154734,"Plot 1","9_Tree1_Hood",1,29.1555351154734
29,-0.0629753504061271,-7.48322300754396,0.174934731887881,0.000160300053779303,24.0900001345032,1.3,0.349869463775762,"Plot 1","9_Tree1_Hood",1,34.9869463775762
30,-2.72398417353947,-12.1085154034753,0.133683569748655,0.000394377617041427,21.6499996057593,1.3,0.26736713949731,"Plot 1","9_Tree1_Hood",1,26.736713949731
31,-0.803187474355904,-9.0081299155784,0.0711032736689055,0.000284857087535095,23.6399993787912,1.3,0.142206547337811,"Plot 1","9_Tree1_Hood",1,14.2206547337811
32,-0.178103934015014,10.6532129790181,0.141137705110868,0.000363516910160902,23.5900001261954,1.3,0.282275410221736,"Plot 1","9_Tree1_Hood",1,28.2275410221736
33,0.518783147220935,5.41024855872143,0.132836380415605,0.000291955518136387,24.3400001244321,1.3,0.265672760831209,"Plot 1","9_Tree1_Hood",1,26.5672760831209
34,-4.0007205719545,-1.99469603027266,0.123562964008727,0.000180800859920074,24.079999902754,1.3,0.247125928017453,"Plot 1","9_Tree1_Hood",1,24.7125928017453
35,-3.39540029469553,11.6584188546307,0.186645587440411,0.000728234344617645,22.5900001380299,1.3,0.373291174880822,"Plot 1","9_Tree1_Hood",1,37.3291174880822
36,-3.08016174029102,6.03272053538817,0.170160037446086,0.000260641837868531,24.1700000538964,1.3,0.340320074892173,"Plot 1","9_Tree1_Hood",1,34.0320074892173
37,-8.51017264067679,-9.25431833575726,0.124283712676415,0.000444127660179426,23.0200004302436,1.3,0.248567425352831,"Plot 1","9_Tree1_Hood",1,24.8567425352831
38,0.0985925724282649,-0.492716083815419,0.122989286438718,0.000175996150102715,23.7399997616828,1.3,0.245978572877437,"Plot 1","9_Tree1_Hood",1,24.5978572877437
39,-0.753762412644086,-2.4534555266216,0.116689137171103,0.000144410152356368,23.8299999128252,1.3,0.233378274342206,"Plot 1","9_Tree1_Hood",1,23.3378274342206
40,-8.28824429146267,-3.37601005025132,0.0455398092971067,0.000549579121405204,21.2900009073397,1.3,0.0910796185942133,"Plot 1","9_Tree1_Hood",1,9.10796185942133
41,-5.03728510044775,2.16541874916334,0.172562761046354,0.00032827115258077,24.0499992359566,1.3,0.345125522092708,"Plot 1","9_Tree1_Hood",1,34.5125522092708
42,-1.60286850104348,-4.82720413242428,0.0565298916162324,0.000360962657402566,23.3799991571132,1.3,0.113059783232465,"Plot 1","9_Tree1_Hood",1,11.3059783232465
43,-7.48180934194946,-7.64586279381984,0.103573258841691,0.000259951527082155,22.7800006720639,1.3,0.207146517683382,"Plot 1","9_Tree1_Hood",1,20.7146517683382
44,-0.113898986012415,-13.5008324961045,0.13485045204482,0.000404635533940257,22.7399997450673,1.3,0.269700904089639,"Plot 1","9_Tree1_Hood",1,26.9700904089639
45,-6.38917175191377,-4.75457242582925,0.0366438927778182,0.00052176044042916,20.1299991457878,1.3,0.0732877855556363,"Plot 1","9_Tree1_Hood",1,7.32877855556363
46,-4.36686899423447,-8.50201484480429,0.0623182515626977,0.000347269712035149,21.3899993840813,1.3,0.124636503125395,"Plot 1","9_Tree1_Hood",1,12.4636503125395
47,-9.97987903614734,-6.09118724271113,0.114803667243539,0.000379851644728986,22.7000007526706,1.3,0.229607334487078,"Plot 1","9_Tree1_Hood",1,22.9607334487078
48,-11.5651695880972,-2.17397027737966,0.14036258153968,0.000546917895799134,24.139999387099,1.3,0.280725163079359,"Plot 1","9_Tree1_Hood",1,28.0725163079359
56,-7.19146703131684,7.52239934856652,0.212044001932436,0.000880947536436523,22.7299995417681,1.3,0.424088003864872,"Plot 1","9_Tree1_Hood",1,42.4088003864872
58,-12.1729651544483,1.43232152175736,0.0774864674985438,0.00320849528565956,23.110000609836,1.3,0.154972934997088,"Plot 1","9_Tree1_Hood",1,15.4972934997088
2,11.2201951661706,-5.39730607275984,0.102573826550438,0.000502939789821225,22.6100005998153,1.3,0.205147653100875,"Plot 10","9_Tree10_Hood",10,20.5147653100875
3,11.0717818440671,5.37382059828744,0.124028768758796,0.00038151727156848,23.0599994619967,1.3,0.248057537517592,"Plot 10","9_Tree10_Hood",10,24.8057537517592
4,10.5799140071909,-1.85356308056557,0.168192467819865,0.000325648790753883,23.0499992080656,1.3,0.33638493563973,"Plot 10","9_Tree10_Hood",10,33.638493563973
5,10.3431055980298,3.78218898450927,0.0517578059711318,0.000447216063271335,23.3500003774399,1.3,0.103515611942264,"Plot 10","9_Tree10_Hood",10,10.3515611942264
6,9.91401382225595,9.18749388686425,0.19584001178824,0.000359538642212487,25.7999992351298,1.3,0.39168002357648,"Plot 10","9_Tree10_Hood",10,39.168002357648
7,10.0060818032044,-8.8515452407877,0.107508857505055,0.000381216888455609,23.7999992063813,1.3,0.21501771501011,"Plot 10","9_Tree10_Hood",10,21.501771501011
8,9.828713911455,2.42586658132601,0.0916260936686733,0.000336394164213829,24.0699996804422,1.3,0.183252187337347,"Plot 10","9_Tree10_Hood",10,18.3252187337347
9,9.56978375082757,-3.26168823745199,0.094149147360977,0.000396492538190244,23.9500007550284,1.3,0.188298294721954,"Plot 10","9_Tree10_Hood",10,18.8298294721954
10,7.24919544807144,8.27281642398412,0.0893333188939236,0.000462563967037957,25.5100002143667,1.3,0.178666637787847,"Plot 10","9_Tree10_Hood",10,17.8666637787847
11,6.59605285283514,-5.12793567769409,0.162591224575196,0.000316331164589363,26.2099990759867,1.3,0.325182449150393,"Plot 10","9_Tree10_Hood",10,32.5182449150393
12,5.58952267895114,9.51906930105934,0.075217954029221,0.000439084413670429,26.0300006546261,1.3,0.150435908058442,"Plot 10","9_Tree10_Hood",10,15.0435908058442
13,5.30986502461746,8.31555154320866,0.121618473814043,0.000364892902333491,25.8199996765121,1.3,0.243236947628086,"Plot 10","9_Tree10_Hood",10,24.3236947628086
14,5.23808846770427,-10.3356322610405,0.12495381846578,0.000252866327473733,24.9999999947984,1.3,0.249907636931559,"Plot 10","9_Tree10_Hood",10,24.9907636931559
15,3.94115819720581,11.6812323904278,0.132069115793675,0.000557749508137994,25.9300002759147,1.3,0.26413823158735,"Plot 10","9_Tree10_Hood",10,26.413823158735
16,3.71237080315368,1.9615389576804,0.118448381023827,0.000348175167411419,24.9899997408673,1.3,0.236896762047653,"Plot 10","9_Tree10_Hood",10,23.6896762047653
17,3.33749632240566,-9.24408951725457,0.192343613860285,0.000240799113652325,24.7099990793553,1.3,0.384687227720571,"Plot 10","9_Tree10_Hood",10,38.4687227720571
18,2.76609634080954,0.417024090774993,0.161355711014117,0.000188801904081864,26.2700004333735,1.3,0.322711422028234,"Plot 10","9_Tree10_Hood",10,32.2711422028234
19,2.17343458016452,-1.37011849131279,0.0682470177457668,0.000370514500666123,26.1299991386575,1.3,0.136494035491534,"Plot 10","9_Tree10_Hood",10,13.6494035491534
20,0.148765020906866,5.57248305167983,0.129660078850229,0.000309869931038132,26.8799991369732,1.3,0.259320157700458,"Plot 10","9_Tree10_Hood",10,25.9320157700458
21,1.53814683260601,-3.50710685501931,0.158712961857391,0.000205043929521377,26.4999999914298,1.3,0.317425923714781,"Plot 10","9_Tree10_Hood",10,31.7425923714781
22,1.25576414668843,9.47164544148793,0.104845218312777,0.000448041571871157,25.950000750537,1.3,0.209690436625554,"Plot 10","9_Tree10_Hood",10,20.9690436625554
23,-0.319642234678972,4.1257504450988,0.155240758910315,0.000263116113698822,27.8099994513295,1.3,0.31048151782063,"Plot 10","9_Tree10_Hood",10,31.048151782063
24,-5.58617183335156,-11.6569111051917,0.153682961673709,0.000579754430538269,26.8999996115955,1.3,0.307365923347419,"Plot 10","9_Tree10_Hood",10,30.7365923347419
25,0.204416423460476,-14.0423300158185,0.188674642828792,0.000748215634801845,24.9899997408673,1.3,0.377349285657583,"Plot 10","9_Tree10_Hood",10,37.7349285657583
26,-0.0101651632383694,-8.58628246586062,0.192619418694841,0.000419227054226996,25.7000007510984,1.3,0.385238837389682,"Plot 10","9_Tree10_Hood",10,38.5238837389682
28,-3.81363771544428,-13.3360179843541,0.125710704283653,0.000319588705840342,26.1800002753533,1.3,0.251421408567306,"Plot 10","9_Tree10_Hood",10,25.1421408567306
29,-6.42130479940957,-2.17751671946203,0.144035777875255,0.000533959160368749,26.6700000535392,1.3,0.28807155575051,"Plot 10","9_Tree10_Hood",10,28.807155575051
30,0.757861219446059,-5.11839987076123,0.162489040730236,0.000155500270772726,26.0599994552595,1.3,0.324978081460473,"Plot 10","9_Tree10_Hood",10,32.4978081460473
31,-3.65786776793162,7.62958520742279,0.154621142266575,0.000237687161635454,25.9200000552235,1.3,0.309242284533151,"Plot 10","9_Tree10_Hood",10,30.9242284533151
32,1.51853862934388,3.35612820801224,0.105103680157659,0.000189654733253191,27.8999996093498,1.3,0.210207360315318,"Plot 10","9_Tree10_Hood",10,21.0207360315318
33,0.316603056349135,-0.438738622937722,0.158129431268835,0.000157639957788765,25.9200000552235,1.3,0.316258862537669,"Plot 10","9_Tree10_Hood",10,31.6258862537669
35,-2.5606145712596,11.2288319101124,0.115764367475235,0.00045183397252263,27.8600005880252,1.3,0.23152873495047,"Plot 10","9_Tree10_Hood",10,23.1528734950471
37,-5.08684410635584,2.9013302398354,0.0993399597205621,0.000409321837463986,27.0900001483272,1.3,0.198679919441124,"Plot 10","9_Tree10_Hood",10,19.8679919441124
38,-6.4081937245163,5.82579867334841,0.203472608250069,0.00177545696037124,27.4500007471684,1.3,0.406945216500138,"Plot 10","9_Tree10_Hood",10,40.6945216500138
39,-4.30107282240832,12.3391419873633,0.303620834782781,0.00121648384879708,28.8299999237061,1.3,0.607241669565562,"Plot 10","9_Tree10_Hood",10,60.7241669565562
41,-9.5617233193535,-6.24214531495755,0.0641673811739616,0.0022701736165671,28.4400005242315,1.3,0.128334762347923,"Plot 10","9_Tree10_Hood",10,12.8334762347923
44,-7.67744285428488,1.38014231037289,0.116313842845983,0.000776505765735699,26.1000003712641,1.3,0.232627685691965,"Plot 10","9_Tree10_Hood",10,23.2627685691965
1,7.48306430741061,-7.28449266556722,0.131681752343378,0.000339778556478812,26.2999992044045,1.3,0.263363504686756,"Plot 11","9_Tree11_Hood",11,26.3363504686756
2,5.24049978289459,-5.33736036675215,0.109979322065239,0.000522441460435943,26.0200004298629,1.3,0.219958644130478,"Plot 11","9_Tree11_Hood",11,21.9958644130478
3,4.68725932617715,0.961905454603863,0.176904280510877,0.00019514732639196,25.3199996856787,1.3,0.353808561021754,"Plot 11","9_Tree11_Hood",11,35.3808561021754
4,-0.158066494957403,5.99265093572995,0.221307853505151,0.000266831021356073,25.7900009109744,1.3,0.442615707010302,"Plot 11","9_Tree11_Hood",11,44.2615707010302
5,-0.702698623224394,-3.4016314908995,0.204491106134581,0.000193299269271077,25.8999996111193,1.3,0.408982212269162,"Plot 11","9_Tree11_Hood",11,40.8982212269162
6,0.152508491477726,-0.467272746900573,0.147474653378177,0.000142429063166931,25.5499992045672,1.3,0.294949306756354,"Plot 11","9_Tree11_Hood",11,29.4949306756353
7,3.53300013653945,-10.5137757267188,0.164160481246749,0.000270790205696815,25.7399997600212,1.3,0.328320962493499,"Plot 11","9_Tree11_Hood",11,32.8320962493499
8,-5.45066260565579,-6.046717749303,0.143581323375204,0.000270524654389087,23.3400001327098,1.3,0.287162646750409,"Plot 11","9_Tree11_Hood",11,28.7162646750409
9,1.45091984230608,-3.58130181265793,0.115104937646075,0.00027062831141304,25.2600002067269,1.3,0.230209875292151,"Plot 11","9_Tree11_Hood",11,23.0209875292151
11,2.17803571016011,-1.12966678995512,0.107720560896333,0.000223675195673194,24.6100005790359,1.3,0.215441121792666,"Plot 11","9_Tree11_Hood",11,21.5441121792666
12,-0.948388559589895,2.96140147420955,0.0797348657272622,0.000390548463993178,25.6200008365777,1.3,0.159469731454524,"Plot 11","9_Tree11_Hood",11,15.9469731454524
13,-2.25235873720636,-1.81800673096331,0.107821011416664,0.000214531875129398,25.3899993879291,1.3,0.215642022833328,"Plot 11","9_Tree11_Hood",11,21.5642022833328
14,-0.866517834965971,-9.36627325763106,0.122608887487194,0.000300283379948385,23.3099994628138,1.3,0.245217774974389,"Plot 11","9_Tree11_Hood",11,24.5217774974389
15,4.32322343114338,-7.13319369112855,0.168263195364425,0.000241823697721936,25.6599998344722,1.3,0.336526390728851,"Plot 11","9_Tree11_Hood",11,33.6526390728851
16,4.09045542871023,-1.81867602676175,0.0725472758671052,0.000409265649992379,24.3999996114446,1.3,0.14509455173421,"Plot 11","9_Tree11_Hood",11,14.509455173421
17,11.063784621526,0.0746441006118376,0.110225463367766,0.00053919815807913,22.7600002072692,1.3,0.220450926735532,"Plot 11","9_Tree11_Hood",11,22.0450926735532
21,-4.55325003362748,5.82050989903666,0.490562426431639,0.00175872739705219,24.1399993882002,1.3,0.981124852863279,"Plot 11","9_Tree11_Hood",11,98.1124852863279
22,-4.36522099447519,5.40235416306041,0.109047485524744,0.000708582050774922,23.7499999837536,1.3,0.218094971049489,"Plot 11","9_Tree11_Hood",11,21.8094971049489
1,14.4091519925861,-6.65390257321418,0.143972297800263,0.000593030022081831,15.2700004428162,1.3,0.287944595600527,"Plot 13","9_Tree13_Hood",13,28.7944595600527
3,12.1936932526951,6.79165278696402,0.113845188160651,0.000474918747072091,18.319999668532,1.3,0.227690376321301,"Plot 13","9_Tree13_Hood",13,22.7690376321301
5,10.6336142606172,3.21432320495248,0.185491435098346,0.000224786350412719,22.1299991405592,1.3,0.370982870196691,"Plot 13","9_Tree13_Hood",13,37.0982870196691
6,9.90388188500948,-2.46614822199885,0.161480542018761,0.000209022691129822,19.7999992140419,1.3,0.322961084037522,"Plot 13","9_Tree13_Hood",13,32.2961084037522
7,7.87189033909951,1.49779567425357,0.0594428437469409,0.000384066931967766,21.7399997657029,1.3,0.118885687493882,"Plot 13","9_Tree13_Hood",13,11.8885687493882
8,7.62355465853022,6.77735494487621,0.149575567669473,0.000221671464840866,20.7999992151294,1.3,0.299151135338946,"Plot 13","9_Tree13_Hood",13,29.9151135338946
9,7.64666107671549,2.62952328787133,0.144567537628973,0.000261141936417398,22.6499995972243,1.3,0.289135075257946,"Plot 13","9_Tree13_Hood",13,28.9135075257946
11,1.59509053573691,-2.35762040296179,0.188017083897001,0.00018542376244252,23.5900001477977,1.3,0.376034167794002,"Plot 13","9_Tree13_Hood",13,37.6034167794002
12,-0.0962802773906509,-6.46969434795082,0.0950411007104009,0.000464538602753959,23.7900009081813,1.3,0.190082201420802,"Plot 13","9_Tree13_Hood",13,19.0082201420802
13,7.28134606288494,4.70155520928859,0.176680152127344,0.000209584690850211,22.3500003570641,1.3,0.353360304254687,"Plot 13","9_Tree13_Hood",13,35.3360304254687
15,2.72795663642156,-8.52755578716886,0.246289026010182,0.000222495378415439,24.749999997026,1.3,0.492578052020365,"Plot 13","9_Tree13_Hood",13,49.2578052020365
16,4.49120462935769,12.8177615118239,0.129035462161909,0.00026283077494217,23.059999463072,1.3,0.258070924323817,"Plot 13","9_Tree13_Hood",13,25.8070924323817
17,-1.88128993372047,0.930346873002436,0.123127893625134,0.000201354393843855,26.4899997534334,1.3,0.246255787250268,"Plot 13","9_Tree13_Hood",13,24.6255787250268
18,-0.268185065891237,-0.341193096799509,0.141298170223158,0.000314140388527369,25.3999996176499,1.3,0.282596340446316,"Plot 13","9_Tree13_Hood",13,28.2596340446316
19,1.51090824569548,17.8138124170909,0.164789135768084,0.000524026756262475,24.1700000549769,1.3,0.329578271536167,"Plot 13","9_Tree13_Hood",13,32.9578271536167
20,-5.38001647251268,-6.53002422048176,0.156174053906967,0.000442001142129084,25.6000003780334,1.3,0.312348107813934,"Plot 13","9_Tree13_Hood",13,31.2348107813934
21,2.54518373821508,10.8603335798345,0.138223368160797,0.000245053067408781,23.3299999020302,1.3,0.276446736321594,"Plot 13","9_Tree13_Hood",13,27.6446736321594
22,3.01169704002317,9.4298636005244,0.111620174938395,0.000228877978054753,23.2999992178481,1.3,0.223240349876791,"Plot 13","9_Tree13_Hood",13,22.3240349876791
23,-1.00355582661518,7.23150102515169,0.208818357480504,0.000454807548820939,25.5900001499727,1.3,0.417636714961008,"Plot 13","9_Tree13_Hood",13,41.7636714961008
24,-2.76426296865313,3.52293085418205,0.136609879994736,0.000406865943451182,26.4300003029194,1.3,0.273219759989472,"Plot 13","9_Tree13_Hood",13,27.3219759989472
25,-1.44656074362291,15.9610053482024,0.090229842483602,0.000686400772745331,24.8899993890455,1.3,0.180459684967204,"Plot 13","9_Tree13_Hood",13,18.0459684967204
26,7.11461734693836,-8.52017857142868,0.0397816071850235,0.000602293741055818,22.0499992339238,1.3,0.079563214370047,"Plot 13","9_Tree13_Hood",13,7.9563214370047
27,-3.43302210834286,12.4643941230366,0.173772627164595,0.000516837721921289,26.5699996600688,1.3,0.347545254329189,"Plot 13","9_Tree13_Hood",13,34.7545254329189
28,-2.02453683144443,12.6769686972188,0.0599403508336585,0.000578005935368416,26.1100006066378,1.3,0.119880701667317,"Plot 13","9_Tree13_Hood",13,11.9880701667317
29,-5.81721086515735,-0.286542493104303,0.232832253882448,0.000682999954607643,27.4300003040069,1.3,0.465664507764895,"Plot 13","9_Tree13_Hood",13,46.5664507764895
30,-8.0059106977284,-7.03354583505492,0.1731918349059,0.000904330171881778,27.1399993740573,1.3,0.3463836698118,"Plot 13","9_Tree13_Hood",13,34.63836698118
31,-5.66479276373115,5.83947454308082,0.119471390300884,0.00172987798381842,25.5400008926494,1.3,0.238942780601767,"Plot 13","9_Tree13_Hood",13,23.8942780601767
2,12.1949425694186,6.79729850297706,0.109337761152829,0.000481322092228039,18.3199996767447,1.3,0.218675522305658,"Plot 14","9_Tree14_Hood",14,21.8675522305658
4,10.6347097270528,3.21978265380179,0.181171556230046,0.000225340137852457,22.1299991348158,1.3,0.362343112460092,"Plot 14","9_Tree14_Hood",14,36.2343112460092
5,9.90323590261156,-2.47662471468633,0.17022009560741,0.000181932779089737,19.799999213321,1.3,0.340440191214819,"Plot 14","9_Tree14_Hood",14,34.0440191214819
8,7.87494641453695,1.50034401867154,0.0591667356797072,0.000349661543007662,21.7399997480514,1.3,0.118333471359414,"Plot 14","9_Tree14_Hood",14,11.8333471359414
9,7.64288428216456,2.63313811943577,0.146599457670812,0.000243646732983224,22.6499996118183,1.3,0.293198915341623,"Plot 14","9_Tree14_Hood",14,29.3198915341623
10,7.63186779420207,6.78172979731812,0.148006690184303,0.000230401868973739,20.7999992201104,1.3,0.296013380368606,"Plot 14","9_Tree14_Hood",14,29.6013380368606
12,7.28412041552433,4.71273806459581,0.177080339050818,0.00018797585582605,22.3500003680765,1.3,0.354160678101637,"Plot 14","9_Tree14_Hood",14,35.4160678101637
14,4.80896202434956,-10.2197359688146,0.167482602070223,0.000232489479997039,24.2099990823558,1.3,0.334965204140445,"Plot 14","9_Tree14_Hood",14,33.4965204140445
15,4.48436560373069,12.810656927063,0.122596982665637,0.000318496692086676,23.0599994536955,1.3,0.245193965331275,"Plot 14","9_Tree14_Hood",14,24.5193965331275
17,3.02033668337491,9.42990919623724,0.113928365111404,0.000211293345638193,23.3299999197531,1.3,0.227856730222807,"Plot 14","9_Tree14_Hood",14,22.7856730222807
18,2.71847435841644,-8.52753091217568,0.249863244935211,0.000179669981814618,25.1299991551841,1.3,0.499726489870422,"Plot 14","9_Tree14_Hood",14,49.9726489870422
19,-0.266172960665777,-0.346983021531851,0.14112777600325,0.000283191314848995,25.3999995842517,1.3,0.282255552006501,"Plot 14","9_Tree14_Hood",14,28.2255552006501
20,-3.42962819942983,12.4599338430589,0.164152634662805,0.00038673594840281,26.5699996680248,1.3,0.328305269325609,"Plot 14","9_Tree14_Hood",14,32.8305269325609
21,-5.75149565248627,-9.30132590969936,0.0896355852642534,0.000506804616270844,24.1800003046716,1.3,0.179271170528507,"Plot 14","9_Tree14_Hood",14,17.9271170528507
22,1.59723141933216,-2.36141370486165,0.193112332708833,0.000176762399242555,23.5900001397593,1.3,0.386224665417666,"Plot 14","9_Tree14_Hood",14,38.6224665417666
23,-1.88482490550078,0.925914590001417,0.129438064748228,0.000177402284751013,26.4899997710536,1.3,0.258876129496456,"Plot 14","9_Tree14_Hood",14,25.8876129496456
24,-1.01210610599075,7.23155528801844,0.20806833943539,0.00045335937060144,25.5900001163481,1.3,0.41613667887078,"Plot 14","9_Tree14_Hood",14,41.613667887078
25,0.648289907674539,-11.0175915027114,0.106125675951358,0.000363604081226653,24.0200004367493,1.3,0.212251351902716,"Plot 14","9_Tree14_Hood",14,21.2251351902716
26,-0.0890760168186725,-6.47626105991176,0.0890050397478888,0.000371502036473428,23.7900008809172,1.3,0.178010079495778,"Plot 14","9_Tree14_Hood",14,17.8010079495778
27,-3.170428068453,-11.8572973843224,0.141380813542411,0.000345057039352865,25.4999999733256,1.3,0.282761627084822,"Plot 14","9_Tree14_Hood",14,28.2761627084822
28,2.5427743634336,10.8648028511252,0.138701835097352,0.000232983087209072,23.1299991416052,1.3,0.277403670194704,"Plot 14","9_Tree14_Hood",14,27.7403670194704
29,-2.76480451155242,3.52051490753605,0.138509379397421,0.000379659697167947,26.4300002922052,1.3,0.277018758794843,"Plot 14","9_Tree14_Hood",14,27.7018758794843
30,-5.39385812659511,-6.54778348290812,0.147199347518525,0.000501987108076195,25.6000003623995,1.3,0.294398695037049,"Plot 14","9_Tree14_Hood",14,29.4398695037049
31,-1.47309587353667,15.9244255799632,0.0650748948690111,0.000918596372519513,24.899999599352,1.3,0.130149789738022,"Plot 14","9_Tree14_Hood",14,13.0149789738022
32,-2.01183410237431,12.6805960264905,0.0582120809229498,0.000563509233072279,26.1100005933506,1.3,0.1164241618459,"Plot 14","9_Tree14_Hood",14,11.64241618459
34,-5.6703632704385,5.84215204163197,0.130901548502415,0.00191862751606721,25.7199992831063,1.3,0.26180309700483,"Plot 14","9_Tree14_Hood",14,26.180309700483
35,-5.78858169192318,-0.312414740766425,0.191286218103946,0.000690464024927827,27.4300002989946,1.3,0.382572436207893,"Plot 14","9_Tree14_Hood",14,38.2572436207893
37,-8.01457171815525,-7.0257972972634,0.190746948182918,0.000950603107229766,27.1399993778243,1.3,0.381493896365837,"Plot 14","9_Tree14_Hood",14,38.1493896365837
38,-1.29924305582842,9.50591353562614,0.138099286254675,0.000583533503600424,25.3899993751903,1.3,0.276198572509351,"Plot 14","9_Tree14_Hood",14,27.6198572509351
1,11.4560178681302,-4.16177255553846,0.139441218463397,0.000319399817843746,16.6399993704084,1.3,0.278882436926794,"Plot 17","9_Tree17_Hood",17,27.8882436926794
4,10.4407400325617,-0.675007809299508,0.134622764780116,0.000350523631075629,16.110000580823,1.3,0.269245529560232,"Plot 17","9_Tree17_Hood",17,26.9245529560232
5,10.2047513272037,0.982577871952581,0.115055180796322,0.000370090672049858,15.7200002379812,1.3,0.230110361592644,"Plot 17","9_Tree17_Hood",17,23.0110361592644
11,0.023897583357877,-0.467533980123793,0.122834929379022,0.000220585828705683,21.5400008830984,1.3,0.245669858758044,"Plot 17","9_Tree17_Hood",17,24.5669858758044
12,-5.15062300105752,-5.24356317691655,0.14918723727323,0.000537285199100848,23.4099998381623,1.3,0.29837447454646,"Plot 17","9_Tree17_Hood",17,29.837447454646
13,1.34522648096415,-3.63056650201217,0.118061373008772,0.000270525249929058,20.1299991554781,1.3,0.236122746017544,"Plot 17","9_Tree17_Hood",17,23.6122746017544
14,-0.913870485153565,6.62538758873191,0.169431978296069,0.000212004664896611,21.510000192889,1.3,0.338863956592138,"Plot 17","9_Tree17_Hood",17,33.8863956592138
15,2.022194078674,0.460037717801818,0.111550090766808,0.000200243702905782,19.0499992185609,1.3,0.223100181533616,"Plot 17","9_Tree17_Hood",17,22.3100181533616
17,4.49570314750871,1.75869320565804,0.069915805937509,0.000376415636409223,18.9300003012835,1.3,0.139831611875018,"Plot 17","9_Tree17_Hood",17,13.9831611875018
18,1.25932788622912,-11.2826457922238,0.115176988301744,0.000326031636493129,18.8600005884016,1.3,0.230353976603488,"Plot 17","9_Tree17_Hood",17,23.0353976603488
19,3.0695052789234,6.14648888215601,0.0864217083059509,0.000352359105388882,21.2000007599323,1.3,0.172843416611902,"Plot 17","9_Tree17_Hood",17,17.2843416611902
20,8.07879350312875,-1.06212534595972,0.0991567698181988,0.00046309328371123,14.399999601969,1.3,0.198313539636398,"Plot 17","9_Tree17_Hood",17,19.8313539636398
21,-2.51671691484068,-2.7451631455426,0.120481123950376,0.000241198598412992,21.510000192889,1.3,0.240962247900752,"Plot 17","9_Tree17_Hood",17,24.0962247900752
22,-1.84450891340996,1.39898631232446,0.092133228753688,0.000234748035224113,21.4099998260578,1.3,0.184266457507376,"Plot 17","9_Tree17_Hood",17,18.4266457507376
24,2.18374947163067,-8.82952095610914,0.0678004630699503,0.000464801946225443,20.5699996817355,1.3,0.135600926139901,"Plot 17","9_Tree17_Hood",17,13.5600926139901
25,-4.64155613369583,-3.18354316137497,0.132572612666428,0.000702715159234058,23.469999296801,1.3,0.265145225332855,"Plot 17","9_Tree17_Hood",17,26.5145225332855
26,1.81547815843049,9.32056602312869,0.16357692972102,0.000439166132002469,20.8099994380705,1.3,0.32715385944204,"Plot 17","9_Tree17_Hood",17,32.715385944204
27,1.34554572228755,-7.12380915362937,0.122418287233306,0.000282770742661096,20.6800003028099,1.3,0.244836574466612,"Plot 17","9_Tree17_Hood",17,24.4836574466612
28,-5.75121953514135,-15.0014500821323,0.142659761359842,0.000576878585858334,21.4099998260578,1.3,0.285319522719683,"Plot 17","9_Tree17_Hood",17,28.5319522719683
29,-2.16963231531721,-10.5656936325504,0.117177414707692,0.000311002142372662,20.9200000591448,1.3,0.234354829415385,"Plot 17","9_Tree17_Hood",17,23.4354829415385
30,-3.76289053674319,2.20682026046077,0.178926221497133,0.00079684481898604,22.5300006711675,1.3,0.357852442994265,"Plot 17","9_Tree17_Hood",17,35.7852442994266
31,4.96689218106538,-5.73085847325216,0.130647902925819,0.000725407257989509,19.4099998139533,1.3,0.261295805851638,"Plot 17","9_Tree17_Hood",17,26.1295805851638
32,6.1180645543392,-11.2549242300457,0.124716688996271,0.000349066131153548,17.6299991584775,1.3,0.249433377992541,"Plot 17","9_Tree17_Hood",17,24.9433377992541
33,7.78676893862263,-13.6746896838655,0.136995266144104,0.00050205086098781,15.8500003522618,1.3,0.273990532288208,"Plot 17","9_Tree17_Hood",17,27.3990532288208
36,0.984332464631428,-6.01318203198495,0.069790234715639,0.000396716724532544,20.7499999794317,1.3,0.139580469431278,"Plot 17","9_Tree17_Hood",17,13.9580469431278
37,-3.64935519541296,-7.93514843799708,0.0787677363829077,0.000516770014038086,20.0300006741669,1.3,0.157535472765815,"Plot 17","9_Tree17_Hood",17,15.7535472765815
38,5.76939735075895,-9.61755086133707,0.0989330769926353,0.000370204236518354,16.2099990621342,1.3,0.197866153985271,"Plot 17","9_Tree17_Hood",17,19.7866153985271
40,-3.13307247641392,-5.89036062225015,0.0626209748376332,0.000496915088057298,21.670000054619,1.3,0.125241949675266,"Plot 17","9_Tree17_Hood",17,12.5241949675266
41,-5.11667836043961,-8.83151712905274,0.0635241332584976,0.000342236842131117,23.3600005975067,1.3,0.127048266516995,"Plot 17","9_Tree17_Hood",17,12.7048266516995
43,-5.52788830174714,-11.361611186952,0.107806305179386,0.000229126159580498,22.5599994395969,1.3,0.215612610358772,"Plot 17","9_Tree17_Hood",17,21.5612610358772
45,5.43899460188922,7.52042613636361,0.025334617102403,0.000454070681499803,17.5799999178219,1.3,0.050669234204806,"Plot 17","9_Tree17_Hood",17,5.0669234204806
50,-3.05675341057739,7.13338807952199,0.0465286892016358,0.000927664743703307,23.4200000561454,1.3,0.0930573784032717,"Plot 17","9_Tree17_Hood",17,9.30573784032717
51,-3.55931643233443,3.70813918134225,0.142401623307805,0.000728605782279959,22.6000003477894,1.3,0.284803246615611,"Plot 17","9_Tree17_Hood",17,28.4803246615611
52,-1.81299661052372,11.2209285314205,0.149464125949741,0.000972260072197891,23.3999995839192,1.3,0.298928251899483,"Plot 17","9_Tree17_Hood",17,29.8928251899483
4,5.31550016123528,-5.55175312478133,0.0768715031272112,0.000414652618425731,20.0100002146568,1.3,0.153743006254422,"Plot 18","9_Tree18_Hood",18,15.3743006254422
5,4.63656589984996,0.511972217960158,0.474153506342901,0.000652004846638678,18.1700000627249,1.3,0.948307012685802,"Plot 18","9_Tree18_Hood",18,94.8307012685802
6,4.29357907636736,0.0400511293403957,0.0488668803269145,0.000680407443192251,17.3600005847207,1.3,0.097733760653829,"Plot 18","9_Tree18_Hood",18,9.7733760653829
8,4.31729574551664,-11.080458561177,0.101923598145717,0.000355648251297557,17.8899993856679,1.3,0.203847196291434,"Plot 18","9_Tree18_Hood",18,20.3847196291435
9,4.06567561088301,-2.3677238616013,0.139472851747463,0.000459200233879151,19.5900001423212,1.3,0.278945703494927,"Plot 18","9_Tree18_Hood",18,27.8945703494927
10,4.12504848966536,6.54534228101724,0.131728654090276,0.000555472974292516,20.2700004244026,1.3,0.263457308180552,"Plot 18","9_Tree18_Hood",18,26.3457308180552
11,3.91829470662931,-15.2076430453631,0.120489263263051,0.000710808689991978,18.9300002932511,1.3,0.240978526526101,"Plot 18","9_Tree18_Hood",18,24.0978526526102
15,0.129771821664083,1.94738014889085,0.0979980196246637,0.000229474997780962,19.7600002042666,1.3,0.195996039249327,"Plot 18","9_Tree18_Hood",18,19.5996039249327
16,0.126962534305775,-0.532618068612199,0.110377796110966,0.000175908135336703,21.6200008235096,1.3,0.220755592221931,"Plot 18","9_Tree18_Hood",18,22.0755592221931
17,-1.87217721498382,-1.61691056343604,0.132639798753865,0.000198245878232335,23.7999992128321,1.3,0.26527959750773,"Plot 18","9_Tree18_Hood",18,26.527959750773
18,-0.0514880827107121,-14.5139009409386,0.118359634393118,0.000533916786437612,20.260000225047,1.3,0.236719268786236,"Plot 18","9_Tree18_Hood",18,23.6719268786236
19,1.27479517273322,-5.01420035820192,0.160782500514342,0.000170300890377873,20.3199996718806,1.3,0.321565001028684,"Plot 18","9_Tree18_Hood",18,32.1565001028684
20,-2.89784057537428,-4.36332222970339,0.108136956514727,0.000267203836382126,21.3999995932863,1.3,0.216273913029453,"Plot 18","9_Tree18_Hood",18,21.6273913029453
21,0.901933698498208,1.00459337259829,0.129833151294712,0.000270868301416732,19.239999750475,1.3,0.259666302589423,"Plot 18","9_Tree18_Hood",18,25.9666302589423
22,-0.746962540154597,7.9243985441006,0.150185922309289,0.000362189807850302,21.5100002083979,1.3,0.300371844618578,"Plot 18","9_Tree18_Hood",18,30.0371844618578
23,2.43284035273985,-12.1404544547658,0.115376940836527,0.000225929494151674,20.3400001391918,1.3,0.230753881673054,"Plot 18","9_Tree18_Hood",18,23.0753881673054
24,-2.2136623818309,-14.9362658119904,0.0887233229445634,0.000526790032836547,21.9999999955227,1.3,0.177446645889127,"Plot 18","9_Tree18_Hood",18,17.7446645889127
25,-3.51297623834656,-7.64054204327614,0.0705118159791188,0.000592234506817697,23.8700008141214,1.3,0.141023631958238,"Plot 18","9_Tree18_Hood",18,14.1023631958238
27,-1.34458703351562,-8.10125679470888,0.131418733136115,0.000278562304826173,21.5300006757092,1.3,0.262837466272229,"Plot 18","9_Tree18_Hood",18,26.2837466272229
29,-0.930893606947999,-4.52764763069589,0.0531570818366852,0.000558789640486711,20.7999992253498,1.3,0.10631416367337,"Plot 18","9_Tree18_Hood",18,10.631416367337
30,-2.74441475629749,6.03783515166733,0.127022593457029,0.000560259510482166,22.2900009062354,1.3,0.254045186914057,"Plot 18","9_Tree18_Hood",18,25.4045186914057
31,-1.42815246396668,-9.61924396304071,0.129850470825538,0.000344412408148294,21.3199996791414,1.3,0.259700941651077,"Plot 18","9_Tree18_Hood",18,25.9700941651077
33,0.484368175195425,-10.3232840949684,0.0865678251275057,0.000269466439060034,20.0100002146568,1.3,0.173135650255011,"Plot 18","9_Tree18_Hood",18,17.3135650255011
34,-1.59585921846264,10.996565708009,0.109055723674057,0.00053688296198458,23.2499999788737,1.3,0.218111447348114,"Plot 18","9_Tree18_Hood",18,21.8111447348114
35,-4.20691812155715,-13.0713848341228,0.0440900824582265,0.000483796017528828,22.6100005971148,1.3,0.088180164916453,"Plot 18","9_Tree18_Hood",18,8.8180164916453
44,-5.96793654063376,-10.9327879291286,0.154530730307861,0.00059868749282735,24.6299991581476,1.3,0.309061460615722,"Plot 18","9_Tree18_Hood",18,30.9061460615722
47,-5.72941418328299,-9.58960608479264,0.153880259656671,0.000600329929702976,22.7299995250821,1.3,0.307760519313343,"Plot 18","9_Tree18_Hood",18,30.7760519313343
6,10.4412257716452,-8.39192712095927,0.126211000629701,0.000495033497404555,15.9999999650844,1.3,0.252422001259401,"Plot 19","9_Tree19_Hood",19,25.2422001259401
7,10.4101668631106,7.5120030402718,0.121453398829035,0.000453023013557064,16.7999992041417,1.3,0.242906797658071,"Plot 19","9_Tree19_Hood",19,24.2906797658071
9,0.132692201299255,-0.546348039120936,0.16718716070394,0.000195416210447228,20.6499996022343,1.3,0.334374321407881,"Plot 19","9_Tree19_Hood",19,33.4374321407881
11,-3.11202445623025,3.39397588349377,0.16365592770127,0.000361463550896587,21.879999160448,1.3,0.327311855402541,"Plot 19","9_Tree19_Hood",19,32.7311855402541
13,2.38620911182186,-6.6329336777204,0.0869824040029219,0.000439313650945592,19.8700008175722,1.3,0.173964808005844,"Plot 19","9_Tree19_Hood",19,17.3964808005844
15,-4.43914939188147,10.6500379202966,0.143220160585052,0.000593132559840816,21.9599990663187,1.3,0.286440321170105,"Plot 19","9_Tree19_Hood",19,28.6440321170105
16,-2.41277021505079,0.389209888949943,0.0881612159457135,0.000379343291689537,22.860000577352,1.3,0.176322431891427,"Plot 19","9_Tree19_Hood",19,17.6322431891427
17,3.53625793368824,-5.68127661145498,0.0984725529877585,0.000242424560509018,20.3899993580869,1.3,0.196945105975517,"Plot 19","9_Tree19_Hood",19,19.6945105975517
18,-6.4064274734695,10.4080869041923,0.189373391180628,0.000454789523528799,22.4300002942655,1.3,0.378746782361256,"Plot 19","9_Tree19_Hood",19,37.8746782361256
19,-1.49893939393946,7.32647951826571,0.0781423623023215,0.000325026813526581,21.1100006029835,1.3,0.156284724604643,"Plot 19","9_Tree19_Hood",19,15.6284724604643
20,-3.66881872684001,6.08770693812882,0.0813522578965483,0.000500711601875669,21.9999999751091,1.3,0.162704515793097,"Plot 19","9_Tree19_Hood",19,16.2704515793097
21,8.79456374858962,-0.301210562451573,0.132850145996756,0.00033948233002957,16.7099990710734,1.3,0.265700291993512,"Plot 19","9_Tree19_Hood",19,26.5700291993512
22,-5.26437707917502,2.96648736943819,0.0708458138443923,0.000725687094919295,22.4699992913459,1.3,0.141691627688785,"Plot 19","9_Tree19_Hood",19,14.1691627688785
23,0.0513035666323963,2.38217145984612,0.082915176738913,0.000589046829367403,20.4200000757497,1.3,0.165830353477826,"Plot 19","9_Tree19_Hood",19,16.5830353477826
24,-1.71299789349705,9.84769806277485,0.117992205863765,0.000365941386078213,21.4599990684892,1.3,0.235984411727531,"Plot 19","9_Tree19_Hood",19,23.5984411727531
25,-1.61051356721934,-6.15263533458851,0.0569220029277099,0.000493882092590182,23.1100005943017,1.3,0.11384400585542,"Plot 19","9_Tree19_Hood",19,11.384400585542
26,0.497929061784929,9.37553285722328,0.124609062850499,0.000354078688187843,20.9400005279744,1.3,0.249218125700998,"Plot 19","9_Tree19_Hood",19,24.9218125700998
28,1.12341850640111,6.11776889526987,0.126328697667154,0.000270334914900973,19.3700008197426,1.3,0.252657395334308,"Plot 19","9_Tree19_Hood",19,25.2657395334308
30,3.33691122215954,-7.1622351854201,0.0567019757303045,0.000530514554160782,20.4099998124821,1.3,0.113403951460609,"Plot 19","9_Tree19_Hood",19,11.3403951460609
31,3.17099357211481,-12.1789031954902,0.168764777066385,0.0002882947505323,19.8700008175722,1.3,0.33752955413277,"Plot 19","9_Tree19_Hood",19,33.752955413277
32,2.40424749057989,-4.81621331101414,0.161145491188633,0.00027089160288902,19.2800006506043,1.3,0.322290982377267,"Plot 19","9_Tree19_Hood",19,32.2290982377267
33,0.463841718469812,-11.1210737307614,0.0854368857476184,0.000315270305743302,22.5300006545314,1.3,0.170873771495237,"Plot 19","9_Tree19_Hood",19,17.0873771495237
35,-1.62894543591615,-8.22968895086277,0.103057790079786,0.000391860746356031,23.1100005943017,1.3,0.206115580159572,"Plot 19","9_Tree19_Hood",19,20.6115580159572
37,6.29816517607602,10.9409195081052,0.0984854458721031,0.000549854263240125,19.360000592545,1.3,0.196970891744206,"Plot 19","9_Tree19_Hood",19,19.6970891744206
38,-3.67084528968926,-5.04832239434184,0.194002926701271,0.00063938956968722,25.1399993555027,1.3,0.388005853402542,"Plot 19","9_Tree19_Hood",19,38.8005853402542
40,9.44607467381157,4.99736369990673,0.0524768159077364,0.000446466800564175,14.9300002907521,1.3,0.104953631815473,"Plot 19","9_Tree19_Hood",19,10.4953631815473
45,-3.28395754479968,-10.3335071540109,0.0894996531576856,0.00197182073457719,25.2099990702459,1.3,0.178999306315371,"Plot 19","9_Tree19_Hood",19,17.8999306315371
46,-3.90499999999951,7.07973684210511,0.0111803398873668,0.00104081252942884,22.6299991391573,1.3,0.0223606797747335,"Plot 19","9_Tree19_Hood",19,2.23606797747335
47,-5.81021937344346,5.99517907460343,0.123295936961399,0.00103679412315258,22.4699992913459,1.3,0.246591873922798,"Plot 19","9_Tree19_Hood",19,24.6591873922798
48,-4.34365722509624,-2.12071999125017,0.188612275633059,0.000856427901963388,24.3899993767934,1.3,0.377224551266117,"Plot 19","9_Tree19_Hood",19,37.7224551266117
1,13.1395849911928,-4.40389754253164,0.15062018560468,0.000513836493965532,22.5200004462269,1.3,0.30124037120936,"Plot 2","9_Tree2_Hood",2,30.124037120936
2,11.5685369976321,2.42860035262016,0.164526051044631,0.000364253037952118,24.2999992171953,1.3,0.329052102089263,"Plot 2","9_Tree2_Hood",2,32.9052102089263
3,8.67461337826034,-10.2021305078643,0.0721899830866029,0.000562705806642691,19.7700004487678,1.3,0.144379966173206,"Plot 2","9_Tree2_Hood",2,14.4379966173206
4,8.06661859186051,3.82475773120878,0.0993873523564157,0.000334561576621596,23.2800006589611,1.3,0.198774704712831,"Plot 2","9_Tree2_Hood",2,19.8774704712831
5,7.64112600817014,-8.72448565984271,0.0611531338202839,0.000439476796116631,21.4699992960447,1.3,0.122306267640568,"Plot 2","9_Tree2_Hood",2,12.2306267640568
6,7.03623103855732,-6.0725107840143,0.151231929592756,0.000179019344386958,23.3700008215253,1.3,0.302463859185512,"Plot 2","9_Tree2_Hood",2,30.2463859185512
7,6.96919660224051,-7.83779723178545,0.122133925751121,0.000488131602715709,22.4400005225354,1.3,0.244267851502241,"Plot 2","9_Tree2_Hood",2,24.4267851502241
8,6.33304102569453,-3.58681922764662,0.104547594076778,0.000281945150458731,22.8700008296209,1.3,0.209095188153557,"Plot 2","9_Tree2_Hood",2,20.9095188153557
9,5.89160177569157,5.00013018611925,0.139745913093116,0.000396225610424937,24.180000297313,1.3,0.279491826186232,"Plot 2","9_Tree2_Hood",2,27.9491826186232
10,5.35836200079456,5.93624719695448,0.12134899535041,0.000312422294540313,24.1200008233768,1.3,0.242697990700819,"Plot 2","9_Tree2_Hood",2,24.2697990700819
11,4.92013248879795,-14.9497146709933,0.151302849541156,0.000573320489366179,23.2700004480784,1.3,0.302605699082311,"Plot 2","9_Tree2_Hood",2,30.2605699082311
12,4.17010983891173,-9.33778001493114,0.101212742182456,0.000278926188653673,23.700000755164,1.3,0.202425484364912,"Plot 2","9_Tree2_Hood",2,20.2425484364912
13,3.64376744843452,-5.78190705273211,0.110395637774991,0.00022699847324618,23.0300006770039,1.3,0.220791275549983,"Plot 2","9_Tree2_Hood",2,22.0791275549983
15,1.98921358553804,-15.2719119981969,0.141567036838335,0.000400352949255534,22.100000378014,1.3,0.28313407367667,"Plot 2","9_Tree2_Hood",2,28.313407367667
16,1.80192728048216,-11.6213463963447,0.0732681014384068,0.000268389387258312,24.2099990826211,1.3,0.146536202876814,"Plot 2","9_Tree2_Hood",2,14.6536202876814
17,-2.29102994214238,-4.10442932189122,0.122343632376641,0.000228322172569429,24.1399993698123,1.3,0.244687264753282,"Plot 2","9_Tree2_Hood",2,24.4687264753282
18,-5.36403888309909,5.35823347080391,0.0956653947708574,0.000496367986845849,23.7800006788555,1.3,0.191330789541715,"Plot 2","9_Tree2_Hood",2,19.1330789541715
19,0.296411958627234,4.70028447229581,0.0732732698597427,0.000370833347364196,23.6399993779079,1.3,0.146546539719485,"Plot 2","9_Tree2_Hood",2,14.6546539719485
20,0.226418631821854,3.24499418565489,0.145796987188266,0.000202420175603831,23.7800006788555,1.3,0.291593974376532,"Plot 2","9_Tree2_Hood",2,29.1593974376532
21,-2.40058683639685,5.28737628118708,0.137883579801396,0.000288314881425053,23.7900008897382,1.3,0.275767159602793,"Plot 2","9_Tree2_Hood",2,27.5767159602793
22,-1.30607534327299,-8.71627531484445,0.0771272648593804,0.000378067622682306,23.7199993015994,1.3,0.154254529718761,"Plot 2","9_Tree2_Hood",2,15.4254529718761
23,-8.82723180285063,4.91191474493364,0.151202014974444,0.000363020861989852,24.0900001347488,1.3,0.302404029948888,"Plot 2","9_Tree2_Hood",2,30.2404029948888
25,-5.31199870088158,0.93780623968173,0.145149733913869,0.000286371805154652,24.7900009015369,1.3,0.290299467827738,"Plot 2","9_Tree2_Hood",2,29.0299467827738
26,-1.4025644246064,-13.2430580621452,0.0563481332775975,0.000581879638802132,21.8299999183114,1.3,0.112696266555195,"Plot 2","9_Tree2_Hood",2,11.2696266555195
27,-0.111198727494249,-4.8133188755902,0.0451705088942832,0.000545663290066475,24.8999996105365,1.3,0.0903410177885663,"Plot 2","9_Tree2_Hood",2,9.03410177885663
30,-5.21973415417289,2.55620435474485,0.0752768462335306,0.000309486613904378,24.370000833324,1.3,0.150553692467061,"Plot 2","9_Tree2_Hood",2,15.0553692467061
31,-4.80504298978662,-7.68345602362625,0.121037181330922,0.00028948511266506,24.6499996005893,1.3,0.242074362661845,"Plot 2","9_Tree2_Hood",2,24.2074362661845
32,1.55036528591131,-9.95144375876948,0.178307530258807,0.000187422134664389,24.5400008915897,1.3,0.356615060517614,"Plot 2","9_Tree2_Hood",2,35.6615060517614
33,-0.0193585874510157,-0.475647283370591,0.126487397809525,0.00014350420484951,20.659999820257,1.3,0.252974795619049,"Plot 2","9_Tree2_Hood",2,25.2974795619049
34,-1.89426079722986,-6.21283746256918,0.120468964874619,0.000197443352717941,24.1299991589296,1.3,0.240937929749239,"Plot 2","9_Tree2_Hood",2,24.0937929749239
35,-4.45924732355241,-14.3138406481445,0.109856492629367,0.000769436188389605,23.1499995968862,1.3,0.219712985258734,"Plot 2","9_Tree2_Hood",2,21.9712985258734
36,-0.086814216318237,5.65278761061964,0.0668567377639683,0.00470950346930448,23.8999995987378,1.3,0.133713475527937,"Plot 2","9_Tree2_Hood",2,13.3713475527937
37,-2.76796707112538,8.56807473073749,0.0839036877347674,0.000459917993686328,23.700000755164,1.3,0.167807375469535,"Plot 2","9_Tree2_Hood",2,16.7807375469535
38,-5.66133591198976,7.87897641867201,0.147524448118723,0.000379785980473427,23.9200000484931,1.3,0.295048896237447,"Plot 2","9_Tree2_Hood",2,29.5048896237447
39,-5.32653846153854,5.5272115384614,0.0883848601469816,0.00129343308809289,23.8099994641636,1.3,0.176769720293963,"Plot 2","9_Tree2_Hood",2,17.6769720293963
40,0.3884742926686,8.11017551755211,0.0461632378556899,0.000692583572664242,24.0599994461208,1.3,0.0923264757113798,"Plot 2","9_Tree2_Hood",2,9.23264757113798
41,-7.95855445010902,-7.22858786498227,0.159339469101158,0.000823774360842025,24.1399993698123,1.3,0.318678938202316,"Plot 2","9_Tree2_Hood",2,31.8678938202316
42,-8.61265583662175,-0.534085156865159,0.19002952248551,0.000696662303026726,24.3199996669506,1.3,0.380059044971021,"Plot 2","9_Tree2_Hood",2,38.0059044971021
43,-7.79254230336204,-5.7614480580076,0.17488468546713,0.00170212763391571,24.1900005081957,1.3,0.34976937093426,"Plot 2","9_Tree2_Hood",2,34.976937093426
44,-8.02317058321087,-4.86264979276073,0.193811111573027,0.000779508782955628,24.4500007570155,1.3,0.387622223146053,"Plot 2","9_Tree2_Hood",2,38.7622223146053
53,2.712298756075,0.981171995306884,0.0796110229201748,0.000167085014573705,23.7800006788555,1.3,0.15922204584035,"Plot 2","9_Tree2_Hood",2,15.922204584035
1,12.0591828201089,5.69924741720085,0.125438448714383,0.00061550886495338,15.5500001882772,1.3,0.250876897428766,"Plot 20","9_Tree20_Hood",20,25.0876897428766
2,7.9735832311628,-6.76159169829467,0.1632283389661,0.000338973288878724,18.5499992058692,1.3,0.326456677932201,"Plot 20","9_Tree20_Hood",20,32.6456677932201
3,7.45539553822539,-0.254764268690246,0.0851690405851171,0.000282433616642004,19.100000380049,1.3,0.170338081170234,"Plot 20","9_Tree20_Hood",20,17.0338081170234
4,7.52643407137717,-1.73128796055637,0.119241703651243,0.000492890024151315,19.0699996833803,1.3,0.238483407302486,"Plot 20","9_Tree20_Hood",20,23.8483407302486
5,6.47068774111178,-1.42784244403363,0.110060952403924,0.000200449840400449,18.0400009053809,1.3,0.220121904807848,"Plot 20","9_Tree20_Hood",20,22.0121904807848
6,6.33669452132392,0.506206578746206,0.164331378780257,0.000175658110370176,18.0900001216954,1.3,0.328662757560514,"Plot 20","9_Tree20_Hood",20,32.8662757560514
8,5.60907465520937,-9.74486044483423,0.134243523606357,0.000232809293738483,21.2700004551397,1.3,0.268487047212715,"Plot 20","9_Tree20_Hood",20,26.8487047212715
9,5.12410661919992,-5.97646322525114,0.0866129491757278,0.000257381295478286,21.2700004551397,1.3,0.173225898351456,"Plot 20","9_Tree20_Hood",20,17.3225898351456
11,3.87146211629919,-10.7998344975899,0.120469587883141,0.000337419264314901,22.9099998204964,1.3,0.240939175766281,"Plot 20","9_Tree20_Hood",20,24.0939175766281
12,3.76103798826859,11.2799162379634,0.0890426752946305,0.000908845686915065,17.9400005279518,1.3,0.178085350589261,"Plot 20","9_Tree20_Hood",20,17.8085350589261
13,3.68814786322175,-8.37856282295266,0.150138238906506,0.000406070488202257,23.3999996013388,1.3,0.300276477813012,"Plot 20","9_Tree20_Hood",20,30.0276477813012
14,3.45081148223095,4.32139291735765,0.162076916297405,0.000177818143426219,19.5499992319998,1.3,0.32415383259481,"Plot 20","9_Tree20_Hood",20,32.415383259481
16,2.74301096056216,7.20432581950205,0.432445484487242,0.000649099615972385,19.3500003512217,1.3,0.864890968974483,"Plot 20","9_Tree20_Hood",20,86.4890968974483
17,2.7170188180022,-3.42822937467355,0.102918683764653,0.000275314769099653,21.8700008102741,1.3,0.205837367529305,"Plot 20","9_Tree20_Hood",20,20.5837367529305
18,2.63290499172207,-14.6809543523884,0.183319350908245,0.000338447032897781,23.5599994626653,1.3,0.366638701816489,"Plot 20","9_Tree20_Hood",20,36.6638701816489
19,2.52476448616964,-1.33085864002696,0.0775564160424883,0.000252969980349297,21.559999445764,1.3,0.155112832084977,"Plot 20","9_Tree20_Hood",20,15.5112832084977
20,2.41957963446485,6.82769629819384,0.0488765032864274,0.000516457109571601,19.3299999221358,1.3,0.0977530065728549,"Plot 20","9_Tree20_Hood",20,9.77530065728548
21,1.57516819362763,11.1332865807429,0.0669759369067697,0.000905686482048943,19.0499992189345,1.3,0.133951873813539,"Plot 20","9_Tree20_Hood",20,13.3951873813539
23,-0.854207977528486,2.30847083481275,0.145521135018897,0.000195083090365692,23.1499995948061,1.3,0.291042270037793,"Plot 20","9_Tree20_Hood",20,29.1042270037793
24,-0.622890820492564,-6.36303905090067,0.0661949623831909,0.00032910561174834,24.22999953392,1.3,0.132389924766382,"Plot 20","9_Tree20_Hood",20,13.2389924766382
25,0.287360994115055,-0.472238938925062,0.147704995055238,0.000118139912849416,23.799999236975,1.3,0.295409990110476,"Plot 20","9_Tree20_Hood",20,29.5409990110476
26,0.435744605203079,-11.9017459343794,0.0780836261735421,0.000340865219470921,25.2900008826681,1.3,0.156167252347084,"Plot 20","9_Tree20_Hood",20,15.6167252347084
27,0.912879899080343,4.95850411009264,0.0913068796765204,0.000233705742788311,21.4899997650036,1.3,0.182613759353041,"Plot 20","9_Tree20_Hood",20,18.2613759353041
28,-0.240614143315132,-8.17428887127568,0.11347801222328,0.000531139287113167,23.8899993821812,1.3,0.226956024446561,"Plot 20","9_Tree20_Hood",20,22.6956024446561
29,0.104851723787418,-9.20339983301079,0.1237304814572,0.000445760938339895,22.4799995235514,1.3,0.247460962914401,"Plot 20","9_Tree20_Hood",20,24.7460962914401
30,-2.49634697957424,1.07088445694668,0.122351439708993,0.000244285152129685,23.6900005014031,1.3,0.244702879417986,"Plot 20","9_Tree20_Hood",20,24.4702879417986
31,-2.3295054571634,7.39606688081702,0.0684070287621531,0.000544655757066541,21.2199992940252,1.3,0.136814057524306,"Plot 20","9_Tree20_Hood",20,13.6814057524306
33,-3.10256118143468,10.2003423962445,0.0745785914312222,0.000581536279896158,21.2499999906939,1.3,0.149157182862444,"Plot 20","9_Tree20_Hood",20,14.9157182862444
35,-3.32920800137658,-3.86829519270226,0.119427490532157,0.000783810263517925,24.9099998373977,1.3,0.238854981064313,"Plot 20","9_Tree20_Hood",20,23.8854981064313
37,-0.147109333084082,7.94088673122963,0.150019732458824,0.000212986842247753,20.700000761314,1.3,0.300039464917647,"Plot 20","9_Tree20_Hood",20,30.0039464917647
38,-1.10937965033179,10.5456262548568,0.0744909760506677,0.000465545735152679,21.2299995262481,1.3,0.148981952101335,"Plot 20","9_Tree20_Hood",20,14.8981952101335
39,-4.67068374565109,8.11585525753677,0.107047754474782,0.000398550621025853,23.6000003561969,1.3,0.214095508949563,"Plot 20","9_Tree20_Hood",20,21.4095508949563
44,0.912058954890541,12.0426375956487,0.0654478172549485,0.000677943103197487,19.9699992967219,1.3,0.130895634509897,"Plot 20","9_Tree20_Hood",20,13.0895634509897
45,-5.52309097299817,2.66244466208257,0.13241986248045,0.00067647606603777,23.3999996013388,1.3,0.264839724960901,"Plot 20","9_Tree20_Hood",20,26.4839724960901
46,-1.84831280942711,-10.0409446966759,0.101560884522654,0.00175557777753695,23.9599990629415,1.3,0.203121769045307,"Plot 20","9_Tree20_Hood",20,20.3121769045307
47,-5.73075579958936,3.83348177190592,0.115436077960241,0.000677573740776062,23.3899993691159,1.3,0.230872155920482,"Plot 20","9_Tree20_Hood",20,23.0872155920482
48,-2.57418257308714,-7.77287082753818,0.119128389183268,0.00146539936683646,25.1000003600329,1.3,0.238256778366536,"Plot 20","9_Tree20_Hood",20,23.8256778366537
1,15.655040182159,8.37744687386511,0.168233536114149,0.000514941749546898,21.2800006597963,1.3,0.336467072228299,"Plot 22","9_Tree22_Hood",22,33.6467072228299
2,13.4285969961898,-2.70217502762468,0.156742096415092,0.000267297536086856,23.0499992258369,1.3,0.313484192830183,"Plot 22","9_Tree22_Hood",22,31.3484192830183
3,12.6562453188301,2.33165431034015,0.199432177134275,0.000330924400561172,23.8199996736763,1.3,0.39886435426855,"Plot 22","9_Tree22_Hood",22,39.886435426855
4,12.2258287980097,-7.9801667678075,0.141304829868935,0.00038693900460352,22.5100002218396,1.3,0.282609659737869,"Plot 22","9_Tree22_Hood",22,28.2609659737869
5,12.0634834776908,-4.36164763829617,0.142600326768653,0.000298322954146564,23.389999367396,1.3,0.285200653537306,"Plot 22","9_Tree22_Hood",22,28.5200653537306
6,10.5459749945412,-14.1289627991855,0.255126973611088,0.000566281606683324,25.0400009125916,1.3,0.510253947222176,"Plot 22","9_Tree22_Hood",22,51.0253947222176
7,9.17833099545323,0.772161015828847,0.103643864050175,0.000422663435597061,22.7499999888095,1.3,0.20728772810035,"Plot 22","9_Tree22_Hood",22,20.728772810035
8,8.5389241175591,8.4609056525925,0.190369634200285,0.000304074448161582,24.2999992076161,1.3,0.380739268400569,"Plot 22","9_Tree22_Hood",22,38.0739268400569
9,8.45709339703213,-2.19928492768025,0.0752496769418658,0.000428498394350017,23.2999992352048,1.3,0.150499353883732,"Plot 22","9_Tree22_Hood",22,15.0499353883732
10,8.08532584441521,-5.78148004084701,0.108426412641817,0.000412269590028645,22.0499992208956,1.3,0.216852825283634,"Plot 22","9_Tree22_Hood",22,21.6852825283634
11,7.31449473767979,6.56856638575816,0.0842399977528575,0.000377705667694755,24.2999992076161,1.3,0.168479995505715,"Plot 22","9_Tree22_Hood",22,16.8479995505715
12,6.16590459636157,5.19452162695248,0.0732955618644016,0.000301671121252528,23.7900008982825,1.3,0.146591123728803,"Plot 22","9_Tree22_Hood",22,14.6591123728803
13,5.89689969928807,-10.7165525764613,0.078161131362807,0.000345860119969591,25.0499992357196,1.3,0.156322262725614,"Plot 22","9_Tree22_Hood",22,15.6322262725614
14,5.75503767576972,-9.39279606231552,0.15972097428892,0.000289675595349244,24.6399993817051,1.3,0.319441948577841,"Plot 22","9_Tree22_Hood",22,31.9441948577841
15,5.68896303497478,-1.36971627498878,0.0825658805143402,0.000495771661604083,23.4300003044576,1.3,0.16513176102868,"Plot 22","9_Tree22_Hood",22,16.513176102868
16,5.37414492822393,3.09594067019073,0.122307881537133,0.000260794505688201,23.3600005920022,1.3,0.244615763074266,"Plot 22","9_Tree22_Hood",22,24.4615763074266
17,5.02998228942307,-0.258666715666475,0.0719184738065702,0.000302660522411708,23.6100006013701,1.3,0.14383694761314,"Plot 22","9_Tree22_Hood",22,14.383694761314
18,4.82380794338694,-8.0224545894893,0.069457149024456,0.000503402524889177,23.3500003496043,1.3,0.138914298048912,"Plot 22","9_Tree22_Hood",22,13.8914298048912
19,4.45491250134151,-3.90997867491349,0.167757868822249,0.0001745847287158,25.8299998934268,1.3,0.335515737644498,"Plot 22","9_Tree22_Hood",22,33.5515737644498
20,3.48756464565034,6.16002986825415,0.0947512538364888,0.000309700685570914,22.2700004548697,1.3,0.189502507672978,"Plot 22","9_Tree22_Hood",22,18.9502507672978
21,3.16430087630146,-5.73778465417743,0.101664567673148,0.000228248803162858,24.6700000438389,1.3,0.203329135346296,"Plot 22","9_Tree22_Hood",22,20.3329135346296
22,2.8651899629605,3.41082083607327,0.174890517812577,0.000237612461117032,24.3700008068115,1.3,0.349781035625155,"Plot 22","9_Tree22_Hood",22,34.9781035625155
23,3.02579879038865,13.6036943192532,0.201681436916933,0.000263337683458221,23.4500007567235,1.3,0.403362873833865,"Plot 22","9_Tree22_Hood",22,40.3362873833865
24,0.355314604604988,-8.59952972942495,0.117470705464638,0.000500839192703528,25.2199992902341,1.3,0.234941410929276,"Plot 22","9_Tree22_Hood",22,23.4941410929276
25,0.453806441613314,-0.178205276540293,0.128965445974738,0.000183633027912886,24.2900008844882,1.3,0.257930891949477,"Plot 22","9_Tree22_Hood",22,25.7930891949477
26,-10.1035236887302,8.85938863922286,0.183626398791676,0.000415897059286395,24.3899993723373,1.3,0.367252797583351,"Plot 22","9_Tree22_Hood",22,36.7252797583351
27,-7.04695467257568,-0.177448063886782,0.176660957096979,0.000594625770714143,25.6499995965143,1.3,0.353321914193957,"Plot 22","9_Tree22_Hood",22,35.3321914193957
28,2.44117552265732,11.4797056635044,0.117435092155212,0.000280966679517571,22.8400001210008,1.3,0.234870184310423,"Plot 22","9_Tree22_Hood",22,23.4870184310423
29,-4.85228707149498,-2.09881983839438,0.164937912282501,0.000289134644614934,26.840000140766,1.3,0.329875824565003,"Plot 22","9_Tree22_Hood",22,32.9875824565003
30,-4.98536095295785,4.33520798485231,0.102414153423669,0.000254050747197886,23.3199996874706,1.3,0.204828306847337,"Plot 22","9_Tree22_Hood",22,20.4828306847337
31,0.599494554708321,6.98050104272072,0.149581680871005,0.000393105805114563,23.6299991343659,1.3,0.299163361742009,"Plot 22","9_Tree22_Hood",22,29.9163361742009
32,-2.98532484644506,4.6616330096774,0.160481807699244,0.000274503168838113,24.309999450014,1.3,0.320963615398487,"Plot 22","9_Tree22_Hood",22,32.0963615398487
33,-1.83938026680259,-4.90275727720444,0.166877672812458,0.00025997652008575,24.6100006063114,1.3,0.333755345624915,"Plot 22","9_Tree22_Hood",22,33.3755345624915
34,0.698431726863234,11.0058880025268,0.0710436164316939,0.000512475103367025,22.8500003633987,1.3,0.142087232863388,"Plot 22","9_Tree22_Hood",22,14.2087232863388
35,2.72183312279494,-12.5302579226252,0.190519959666529,0.000164216305182499,25.7199993089697,1.3,0.381039919333058,"Plot 22","9_Tree22_Hood",22,38.1039919333058
36,1.61025918801803,-2.9087461616645,0.0752220626892707,0.000309696264855967,24.99999997553,1.3,0.150444125378541,"Plot 22","9_Tree22_Hood",22,15.0444125378541
38,-4.93130175638146,-3.42293990256268,0.240404979563502,0.0015953430456645,26.6900005059873,1.3,0.480809959127005,"Plot 22","9_Tree22_Hood",22,48.0809959127005
1,12.1526947021848,-3.24481315178315,0.105754941857995,0.000353244072376548,24.6000003704146,1.3,0.211509883715991,"Plot 3","9_Tree3_Hood",3,21.1509883715991
2,12.0592406619899,-7.11916569357393,0.12354585341291,0.000536975047333081,22.860000606814,1.3,0.247091706825821,"Plot 3","9_Tree3_Hood",3,24.7091706825821
3,12.0000160391288,9.13007695172511,0.177406371181691,0.000298583062310423,24.9599990673823,1.3,0.354812742363381,"Plot 3","9_Tree3_Hood",3,35.4812742363381
4,12.0787258387622,2.08387417832664,0.160977061569019,0.000251446233480431,25.4500007592822,1.3,0.321954123138037,"Plot 3","9_Tree3_Hood",3,32.1954123138037
5,9.88803722951465,0.689168295166426,0.128061743677486,0.000290547398343371,24.3400001412101,1.3,0.256123487354972,"Plot 3","9_Tree3_Hood",3,25.6123487354972
6,9.81817998116856,-2.42223823460233,0.193326399351435,0.000270542905093232,25.4400005112659,1.3,0.38665279870287,"Plot 3","9_Tree3_Hood",3,38.665279870287
7,9.68811835611538,-9.56823825750223,0.157732381665976,0.000460344138374159,24.2700004399559,1.3,0.315464763331953,"Plot 3","9_Tree3_Hood",3,31.5464763331953
8,8.28503432688183,7.63144008050862,0.119689186494319,0.000363944006854222,24.2000007387016,1.3,0.239378372988638,"Plot 3","9_Tree3_Hood",3,23.9378372988638
9,6.27672017729117,-7.16417243595198,0.137757887944075,0.000250342918560998,24.5100002017877,1.3,0.275515775888149,"Plot 3","9_Tree3_Hood",3,27.5515775888149
10,6.28185673215138,-14.0133983524677,0.0962127384071917,0.000634093409132944,23.8299999021575,1.3,0.192425476814383,"Plot 3","9_Tree3_Hood",3,19.2425476814383
11,5.90511315630618,6.99706798430853,0.157750491695992,0.00034715149200596,22.9799995419499,1.3,0.315500983391985,"Plot 3","9_Tree3_Hood",3,31.5500983391985
12,4.32343839430739,12.4172230207953,0.128544400941914,0.000237828290467775,23.2099990844254,1.3,0.257088801883828,"Plot 3","9_Tree3_Hood",3,25.7088801883828
13,4.2327750994703,0.713453206497875,0.181672072045504,0.00014121278756918,19.969999290396,1.3,0.363344144091007,"Plot 3","9_Tree3_Hood",3,36.3344144091007
14,3.96134329654862,-11.9055444987747,0.0981927870246268,0.00113152556262813,23.7299995141743,1.3,0.196385574049254,"Plot 3","9_Tree3_Hood",3,19.6385574049254
15,3.96083776932819,-7.98011672837483,0.0811419845912097,0.000312876142686728,23.7399997621906,1.3,0.162283969182419,"Plot 3","9_Tree3_Hood",3,16.2283969182419
16,2.14479406482995,-2.14801163102312,0.139316170650123,0.000231821959808397,22.7499999994744,1.3,0.278632341300246,"Plot 3","9_Tree3_Hood",3,27.8632341300246
17,0.043654462158878,-0.332061912035208,0.185366889774454,0.000169829066020785,24.4500007485497,1.3,0.370733779548908,"Plot 3","9_Tree3_Hood",3,37.0733779548908
18,0.108484169543946,10.427418324655,0.095015021419532,0.000249804679513874,24.3400001412101,1.3,0.190030042839064,"Plot 3","9_Tree3_Hood",3,19.0030042839064
19,-0.0360088828347472,8.88201242313681,0.0907848980004304,0.000574468033767768,23.8999996034118,1.3,0.181569796000861,"Plot 3","9_Tree3_Hood",3,18.1569796000861
20,-4.25912368534088,0.828661132698291,0.108013944890745,0.000397055677482625,22.459999083541,1.3,0.21602788978149,"Plot 3","9_Tree3_Hood",3,21.602788978149
21,-10.172392827047,5.2413209456265,0.167228641765588,0.000427038810130911,20.8199996792637,1.3,0.334457283531177,"Plot 3","9_Tree3_Hood",3,33.4457283531177
22,-4.36194143167024,1.8609598698483,0.071753106514631,0.00676372242949159,21.0400008939429,1.3,0.143506213029262,"Plot 3","9_Tree3_Hood",3,14.3506213029262
23,-1.88299802031588,8.96269143277859,0.159030548558069,0.000198471772200893,23.7399997621906,1.3,0.318061097116138,"Plot 3","9_Tree3_Hood",3,31.8061097116138
24,-10.8283403214536,-1.67525459513176,0.0861305476883949,0.000334451677974313,20.2999992208548,1.3,0.17226109537679,"Plot 3","9_Tree3_Hood",3,17.226109537679
25,-10.5192274199394,1.17839434567889,0.141604206080164,0.000439855392468491,21.0599994410955,1.3,0.283208412160329,"Plot 3","9_Tree3_Hood",3,28.3208412160329
26,-4.56362719176949,-7.17037520875137,0.147343461149442,0.000532227285159144,22.8799991539666,1.3,0.294686922298885,"Plot 3","9_Tree3_Hood",3,29.4686922298885
27,-2.86626506338827,-12.5262965716663,0.0855607269504351,0.000551395486390262,23.7999992154286,1.3,0.17112145390087,"Plot 3","9_Tree3_Hood",3,17.112145390087
28,-4.12201986754948,-9.90338575020155,0.482022051704295,0.00086420938477589,23.8299999021575,1.3,0.96404410340859,"Plot 3","9_Tree3_Hood",3,96.404410340859
29,-3.93664547396962,13.3837493530806,0.112040210202085,0.000632989523777345,22.889999373323,1.3,0.224080420404171,"Plot 3","9_Tree3_Hood",3,22.4080420404171
30,-6.90033117656089,-7.86128390081336,0.0970952373849612,0.00062051130880342,21.7999992226235,1.3,0.194190474769922,"Plot 3","9_Tree3_Hood",3,19.4190474769922
31,-3.93938391775608,4.54231457511873,0.131564351723229,0.000332695735221365,22.4799995222536,1.3,0.263128703446458,"Plot 3","9_Tree3_Hood",3,26.3128703446458
32,-8.36846580039161,-4.4683749058527,0.101995488489032,0.000672162914129553,21.4500007450122,1.3,0.203990976978063,"Plot 3","9_Tree3_Hood",3,20.3990976978063
33,-4.51156430548524,-4.35189653883457,0.144016502689453,0.000564772408772396,23.290000896596,1.3,0.288033005378906,"Plot 3","9_Tree3_Hood",3,28.8033005378906
34,-8.60625657822623,4.23080175764867,0.172820002933559,0.000312276465596323,20.4200000762107,1.3,0.345640005867118,"Plot 3","9_Tree3_Hood",3,34.5640005867118
35,-3.51857336343124,-9.45661725992873,0.0311657074340515,0.00102158581147017,23.6800002802927,1.3,0.062331414868103,"Plot 3","9_Tree3_Hood",3,6.2331414868103
36,-1.59026972406858,-12.2233796507322,0.183073921120776,0.000232455306138733,24.1900005193453,1.3,0.366147842241552,"Plot 3","9_Tree3_Hood",3,36.6147842241552
37,-3.21954157994959,-15.9514167247043,0.171597941937881,0.000564724390438486,22.7499999994744,1.3,0.343195883875762,"Plot 3","9_Tree3_Hood",3,34.3195883875762
38,-3.79945951676349,9.19330631931639,0.0739120580768601,0.000312987714818207,23.6100006076984,1.3,0.14782411615372,"Plot 3","9_Tree3_Hood",3,14.782411615372
1,13.9877587000371,-3.08078084510757,0.0780605672946863,0.00102231910555823,22.8299999122981,1.3,0.156121134589373,"Plot 4","9_Tree4_Hood",4,15.6121134589373
3,13.6215782006102,-8.67396689512471,0.148470109150985,0.000589646332062749,24.6599998455725,1.3,0.29694021830197,"Plot 4","9_Tree4_Hood",4,29.694021830197
4,12.7740049304462,5.9677581202577,0.187771493522747,0.000328343277349883,26.0400008864973,1.3,0.375542987045494,"Plot 4","9_Tree4_Hood",4,37.5542987045494
5,10.6137287575188,9.98139005803514,0.175669860426171,0.000348069359844737,25.0499992126802,1.3,0.351339720852343,"Plot 4","9_Tree4_Hood",4,35.1339720852343
6,10.1748316403263,2.94324356277747,0.167497327208349,0.000222890127245356,25.639999377721,1.3,0.334994654416699,"Plot 4","9_Tree4_Hood",4,33.4994654416699
7,9.86757328157953,-2.37498866694764,0.117584469935193,0.000249924415211538,24.7900008925751,1.3,0.235168939870387,"Plot 4","9_Tree4_Hood",4,23.5168939870387
8,9.49418261708235,-6.22833847525335,0.130235866002053,0.00038743361958815,22.950000762642,1.3,0.260471732004106,"Plot 4","9_Tree4_Hood",4,26.0471732004106
9,9.25764494871652,-11.1512060301508,0.0786293997054646,0.000573725927772182,23.5200004472755,1.3,0.157258799410929,"Plot 4","9_Tree4_Hood",4,15.7258799410929
10,7.8900947858147,1.71660019740075,0.123179627176925,0.000410391626569854,24.4599990766693,1.3,0.246359254353851,"Plot 4","9_Tree4_Hood",4,24.6359254353851
11,7.59259547705844,-1.39631002037243,0.202938653251524,0.000246314738016514,25.8099994405282,1.3,0.405877306503049,"Plot 4","9_Tree4_Hood",4,40.5877306503049
12,6.92997781322442,-8.48317837127062,0.141130592341857,0.000329063244458161,24.4300002865534,1.3,0.282261184683714,"Plot 4","9_Tree4_Hood",4,28.2261184683714
13,6.78115497290782,8.7580498630637,0.124321637900061,0.000396279929077439,24.3199996909281,1.3,0.248643275800122,"Plot 4","9_Tree4_Hood",4,24.8643275800122
14,-3.24586621301311,10.8273433190344,0.165609083544001,0.000247739867065483,23.9500007461678,1.3,0.331218167088002,"Plot 4","9_Tree4_Hood",4,33.1218167088002
15,3.18209370611946,13.8136574820462,0.124333936931838,0.000342991830863102,23.2800006625677,1.3,0.248667873863676,"Plot 4","9_Tree4_Hood",4,24.8667873863676
16,3.22511643271818,-12.7127373977725,0.109008729224487,0.000240939527504815,23.9500007461678,1.3,0.218017458448973,"Plot 4","9_Tree4_Hood",4,21.8017458448973
17,-1.43295000566402,10.6476773435308,0.0697053351262371,0.000683111796376806,24.1599998247796,1.3,0.139410670252474,"Plot 4","9_Tree4_Hood",4,13.9410670252474
18,1.11410187776434,-10.5174902716213,0.119241544412377,0.000719429502165785,23.8799991373172,1.3,0.238483088824754,"Plot 4","9_Tree4_Hood",4,23.8483088824754
19,-5.59716786263388,6.5705347026434,0.137171837932007,0.000354377488103311,22.6800003008683,1.3,0.274343675864013,"Plot 4","9_Tree4_Hood",4,27.4343675864013
20,-7.0953212310059,-5.08051059262781,0.148450702963335,0.00038256786086392,23.0799999226946,1.3,0.296901405926669,"Plot 4","9_Tree4_Hood",4,29.6901405926669
21,2.24574222230237,2.12736522407294,0.174610433006156,0.000166563780101735,20.1599998326164,1.3,0.349220866012311,"Plot 4","9_Tree4_Hood",4,34.9220866012311
22,-10.282455923895,6.59059365259511,0.174727689290976,0.000370264542669614,20.9300002861531,1.3,0.349455378581952,"Plot 4","9_Tree4_Hood",4,34.9455378581952
23,-12.9343750692379,0.891060883823416,0.09145686808484,0.00032215870270175,20.4699993101948,1.3,0.18291373616968,"Plot 4","9_Tree4_Hood",4,18.291373616968
24,-12.4105678142838,3.70420014798696,0.144822411019004,0.000454016756755708,21.2800006664861,1.3,0.289644822038008,"Plot 4","9_Tree4_Hood",4,28.9644822038008
25,-6.28740165871488,3.28606564387192,0.486295755748685,0.000708917834848184,22.4799995319651,1.3,0.97259151149737,"Plot 4","9_Tree4_Hood",4,97.259151149737
26,-11.79011223236,7.71482164407407,0.166176812700007,0.000391275699187201,20.9999999790237,1.3,0.332353625400014,"Plot 4","9_Tree4_Hood",4,33.2353625400014
27,-6.47120319479307,-7.84978657600603,0.490653901018534,0.000563759611147759,23.9799995362838,1.3,0.981307802037067,"Plot 4","9_Tree4_Hood",4,98.1307802037067
28,4.39644372438506,8.29249619182809,0.160595431118797,0.0002581459262724,23.1200008254492,1.3,0.321190862237594,"Plot 4","9_Tree4_Hood",4,32.1190862237594
29,-4.49410260680767,-10.3254910199087,0.187151051783108,0.000317255086445171,24.3199996909281,1.3,0.374302103566216,"Plot 4","9_Tree4_Hood",4,37.4302103566216
30,-2.00538521999199,1.4121181518111,0.186568998366495,0.000250268842297881,24.5599994466059,1.3,0.37313799673299,"Plot 4","9_Tree4_Hood",4,37.313799673299
31,-9.44502501216333,-5.57273946834433,0.0954039577277888,0.000571066425919843,21.9799995402022,1.3,0.190807915455578,"Plot 4","9_Tree4_Hood",4,19.0807915455578
32,1.14051269954018,-13.3821871024673,0.168429814717285,0.000362133425071043,23.4799995154909,1.3,0.336859629434571,"Plot 4","9_Tree4_Hood",4,33.6859629434571
33,1.36713605367559,-6.50264788492875,0.0814126901647575,0.000301939451029664,23.8099994444466,1.3,0.162825380329515,"Plot 4","9_Tree4_Hood",4,16.2825380329515
34,-6.79523216035258,-2.26252197356324,0.145298195504693,0.000385221790702092,23.4400005287163,1.3,0.290596391009385,"Plot 4","9_Tree4_Hood",4,29.0596391009385
35,3.71152980209339,-5.86354605349999,0.137028297470975,0.000216844260092607,24.8999996012503,1.3,0.274056594941949,"Plot 4","9_Tree4_Hood",4,27.4056594941949
36,-5.77094329935266,-10.5356327766735,0.0855155820492567,0.000578606756022896,24.0499992291544,1.3,0.171031164098513,"Plot 4","9_Tree4_Hood",4,17.1031164098513
37,-0.0231980146306834,-0.545415437799789,0.143853237458298,0.000244359977798133,23.1700000669425,1.3,0.287706474916595,"Plot 4","9_Tree4_Hood",4,28.7706474916595
38,6.81493786805652,-13.0707741198526,0.0909894558227717,0.000719959261245107,22.7000007522456,1.3,0.181978911645543,"Plot 4","9_Tree4_Hood",4,18.1978911645543
39,-4.86353819725583,-15.2210580801058,0.0642433411221433,0.00053050967922673,23.3199996783723,1.3,0.128486682244287,"Plot 4","9_Tree4_Hood",4,12.8486682244287
40,-1.16433132591951,12.1172439057792,0.0842339235840468,0.000309623392954224,24.3899993837987,1.3,0.168467847168094,"Plot 4","9_Tree4_Hood",4,16.8467847168094
41,-5.14121668735389,11.2035788770938,0.0783792455446287,0.000359033498096252,23.6900005100827,1.3,0.156758491089257,"Plot 4","9_Tree4_Hood",4,15.6758491089257
42,-10.6859916211635,-2.06521755983309,0.0959384252130837,0.000643489326055477,21.7199993041171,1.3,0.191876850426167,"Plot 4","9_Tree4_Hood",4,19.1876850426167
43,-6.3788669602601,-13.9077135053323,0.170479087202259,0.000435148790284556,23.2299995341244,1.3,0.340958174404518,"Plot 4","9_Tree4_Hood",4,34.0958174404518
44,-10.1919848897974,-15.3149007486321,0.206249567676058,0.000630444171269217,23.6200008172121,1.3,0.412499135352116,"Plot 4","9_Tree4_Hood",4,41.2499135352116
45,-13.5685096425251,-10.6807596430613,0.190952640299557,0.000758455866131735,22.9999999751053,1.3,0.381905280599114,"Plot 4","9_Tree4_Hood",4,38.1905280599114
46,-6.91553060751275,-8.17976094817188,0.056252688718679,0.000819796724510291,23.1599998412538,1.3,0.112505377437358,"Plot 4","9_Tree4_Hood",4,11.2505377437358
1,14.9135047591174,-4.54803392476004,0.133935722904048,0.000535554186437446,26.5400008993274,1.3,0.267871445808096,"Plot 5","9_Tree5_Hood",5,26.7871445808096
2,12.5253466006163,-10.8176742763963,0.150245978313767,0.000530885249938212,25.9599990569739,1.3,0.300491956627534,"Plot 5","9_Tree5_Hood",5,30.0491956627534
3,10.1623428041052,-5.69772704411337,0.214370864434223,0.000198018596018885,26.1299991391131,1.3,0.428741728868446,"Plot 5","9_Tree5_Hood",5,42.8741728868446
4,9.99086737559463,7.59779486651434,0.163781902653466,0.000253235056500995,24.0699996776389,1.3,0.327563805306932,"Plot 5","9_Tree5_Hood",5,32.7563805306931
5,1.15827452329173,7.2642931685784,0.184297341461038,0.00023917271298939,25.2600002183028,1.3,0.368594682922076,"Plot 5","9_Tree5_Hood",5,36.8594682922076
6,1.88754463063378,-4.19602521527023,0.0812690026948737,0.000286289028908869,23.9699993043859,1.3,0.162538005389747,"Plot 5","9_Tree5_Hood",5,16.2538005389748
7,-3.60704059657829,-13.8337472536205,0.190512210441219,0.000285014942756322,28.7600002100484,1.3,0.381024420882439,"Plot 5","9_Tree5_Hood",5,38.1024420882439
8,6.98385677475436,2.33060948519848,0.184723455167422,0.000274736007011531,24.5499992253794,1.3,0.369446910334843,"Plot 5","9_Tree5_Hood",5,36.9446910334843
9,-0.608512813245679,-5.87532999781151,0.212991086779227,0.000193995917018062,26.2399997452584,1.3,0.425982173558454,"Plot 5","9_Tree5_Hood",5,42.5982173558453
10,4.95624427328718,3.94029779802358,0.204400981108831,0.000234238032684189,26.0400008858024,1.3,0.408801962217663,"Plot 5","9_Tree5_Hood",5,40.8801962217663
11,6.23530095685594,-5.34932877597141,0.0902180731693952,0.000254478089807306,25.9899997556508,1.3,0.18043614633879,"Plot 5","9_Tree5_Hood",5,18.043614633879
12,0.150730724728213,-0.629411202491605,0.187484735181825,0.000152909758160513,26.2999992212522,1.3,0.374969470363649,"Plot 5","9_Tree5_Hood",5,37.4969470363649
13,9.07736944050762,3.38007892404545,0.113320930274075,0.000278797057876136,24.3999996090249,1.3,0.22664186054815,"Plot 5","9_Tree5_Hood",5,22.664186054815
14,2.09294266583287,-1.62956846279449,0.0915089601430193,0.000215173191470308,26.5100002006505,1.3,0.183017920286039,"Plot 5","9_Tree5_Hood",5,18.3017920286039
15,-3.19116416641082,0.275075865263215,0.177510537081014,0.000279572033447405,26.790000888935,1.3,0.355021074162028,"Plot 5","9_Tree5_Hood",5,35.5021074162028
16,8.59455111111108,-3.38497950572636,0.114223023689763,0.000322057917319084,25.2099990538413,1.3,0.228446047379526,"Plot 5","9_Tree5_Hood",5,22.8446047379526
17,1.7010608868199,-8.77780307191185,0.128658349068872,0.000218667800624985,25.6900005229418,1.3,0.257316698137744,"Plot 5","9_Tree5_Hood",5,25.7316698137744
18,7.99183915033655,-13.1560346360533,0.220776458663914,0.000394856671734837,26.7299995258912,1.3,0.441552917327829,"Plot 5","9_Tree5_Hood",5,44.1552917327829
19,2.32638891459629,1.52279643946768,0.0829456436162941,0.000311920388831856,25.9799995227585,1.3,0.165891287232588,"Plot 5","9_Tree5_Hood",5,16.5891287232588
20,-2.66183860587526,-1.6757064422076,0.083147550785707,0.0003534259817246,26.4099998273975,1.3,0.166295101571414,"Plot 5","9_Tree5_Hood",5,16.6295101571414
23,-3.43330260021805,4.27292463757707,0.197830138848137,0.000248389048675091,26.360000584296,1.3,0.395660277696274,"Plot 5","9_Tree5_Hood",5,39.5660277696274
24,-0.0351722277397955,-1.85909954469937,0.0803637723033965,0.000223782050992385,25.3600005915559,1.3,0.160727544606793,"Plot 5","9_Tree5_Hood",5,16.0727544606793
25,3.78494455396046,-7.89451770083983,0.0817657334288984,0.000404396936793,25.5400009065873,1.3,0.163531466857797,"Plot 5","9_Tree5_Hood",5,16.3531466857797
26,-2.92060291802803,9.34751557560288,0.0768146161979216,0.000434695951532808,24.1399993865251,1.3,0.153629232395843,"Plot 5","9_Tree5_Hood",5,15.3629232395843
30,7.15054284603851,8.49422468418874,0.134460260121981,0.000231408824020494,24.7299995404108,1.3,0.268920520243962,"Plot 5","9_Tree5_Hood",5,26.8920520243962
31,5.68906960569849,12.4770503463272,0.150150764242008,0.000325748116064571,25.5200004408027,1.3,0.300301528484015,"Plot 5","9_Tree5_Hood",5,30.0301528484015
32,-0.315780058489755,14.239700351183,0.187368490626818,0.000484946619868157,28.7099990798969,1.3,0.374736981253637,"Plot 5","9_Tree5_Hood",5,37.4736981253637
35,5.37274970321372,5.79729654550853,0.075126228263706,0.000809978169971401,26.0200004543278,1.3,0.150252456527412,"Plot 5","9_Tree5_Hood",5,15.0252456527412
37,-3.75764935064994,-12.2902965367969,0.053694194972629,0.000600453487250479,29.2000007475797,1.3,0.107388389945258,"Plot 5","9_Tree5_Hood",5,10.7388389945258
38,-5.38433567130804,-8.01945655229114,0.108137578249828,0.00211615508859905,29.3999996070357,1.3,0.216275156499657,"Plot 5","9_Tree5_Hood",5,21.6275156499657
39,-5.99280548092952,-5.07054770843115,0.227620215571773,0.000685645358919504,27.2600002037832,1.3,0.455240431143546,"Plot 5","9_Tree5_Hood",5,45.5240431143546
40,-5.18766432663335,8.18381819159234,0.0948861097234929,0.000867077622067126,27.8600005905612,1.3,0.189772219446986,"Plot 5","9_Tree5_Hood",5,18.9772219446986
42,-6.55953883817111,-9.79893396868069,0.181516366970657,0.00131903804146126,28.4300002786624,1.3,0.363032733941315,"Plot 5","9_Tree5_Hood",5,36.3032733941315
2,14.1711407951335,-12.7645700991491,0.232101325284122,0.000364510257081467,25.2999992167734,1.3,0.464202650568244,"Plot 6","9_Tree6_Hood",6,46.4202650568244
3,14.1922277700985,-2.07726846250711,0.147271392773288,0.000476074133729117,25.7999992334488,1.3,0.294542785546576,"Plot 6","9_Tree6_Hood",6,29.4542785546576
4,11.6420975846942,-10.6993652811691,0.122987384469631,0.000323729841102562,25.7900008843246,1.3,0.245974768939263,"Plot 6","9_Tree6_Hood",6,24.5974768939263
5,10.58641564749,2.26010553581779,0.205161445475025,0.000190176902964874,26.1299991577643,1.3,0.410322890950051,"Plot 6","9_Tree6_Hood",6,41.0322890950051
6,10.4047148772555,-5.49231504783447,0.214401720184432,0.000259482607165411,26.6599998191319,1.3,0.428803440368865,"Plot 6","9_Tree6_Hood",6,42.8803440368865
8,8.44950536824064,4.07246085304433,0.0889316222021562,0.000372027641291135,25.1299991585436,1.3,0.177863244404312,"Plot 6","9_Tree6_Hood",6,17.7863244404312
9,8.17102425136814,-14.2972101880003,0.177256812449079,0.000264595229783049,27.2600002213983,1.3,0.354513624898158,"Plot 6","9_Tree6_Hood",6,35.4513624898158
11,6.7113423872874,1.58982927550538,0.0912768038206438,0.000284126062556269,25.8999995849098,1.3,0.182553607641288,"Plot 6","9_Tree6_Hood",6,18.2553607641288
12,5.44142257009925,9.18078751392046,0.188613662946851,0.00041345602445598,24.6000003743259,1.3,0.377227325893703,"Plot 6","9_Tree6_Hood",6,37.7227325893703
13,4.98849693185837,-1.48826823087944,0.0799518800861052,0.000297921690059031,25.4699993091332,1.3,0.15990376017221,"Plot 6","9_Tree6_Hood",6,15.990376017221
14,3.20045897166821,-2.87428134239071,0.127029412855539,0.000222903453870389,25.5799999209984,1.3,0.254058825711079,"Plot 6","9_Tree6_Hood",6,25.4058825711079
15,3.08149568579998,10.2447371205637,0.202425787385822,0.000357363575612211,26.0499992247214,1.3,0.404851574771644,"Plot 6","9_Tree6_Hood",6,40.4851574771644
16,2.20061372590881,1.59360641070656,0.0755113268343788,0.000297349776386462,24.0100001983336,1.3,0.151022653668758,"Plot 6","9_Tree6_Hood",6,15.1022653668758
17,-0.389452121463802,4.59071391893091,0.182817831808487,0.000173600989205507,26.2800006747258,1.3,0.365635663616975,"Plot 6","9_Tree6_Hood",6,36.5635663616975
18,-0.549049912762411,-9.92856096428729,0.199034561926609,0.000233784422102762,28.8899993562978,1.3,0.398069123853217,"Plot 6","9_Tree6_Hood",6,39.8069123853217
19,-3.85285944411488,4.61625478882398,0.173750088341091,0.000278981936461709,26.7399997521748,1.3,0.347500176682182,"Plot 6","9_Tree6_Hood",6,34.7500176682182
20,-5.105676801594,8.4350165966464,0.213227580951297,0.00029974704212062,26.4400005066816,1.3,0.426455161902595,"Plot 6","9_Tree6_Hood",6,42.6455161902595
22,1.17588500285125,7.23818727097398,0.085024339719146,0.000438765107287929,25.8799991323616,1.3,0.170048679438292,"Plot 6","9_Tree6_Hood",6,17.0048679438292
23,0.226214948870534,-0.672294252499616,0.216428200876254,0.000163592927849088,26.2199992829512,1.3,0.432856401752508,"Plot 6","9_Tree6_Hood",6,43.2856401752508
24,-2.84578936477224,2.84913122721749,0.0720783152928355,0.000423461338891985,26.5599994335409,1.3,0.144156630585671,"Plot 6","9_Tree6_Hood",6,14.4156630585671
26,-1.19476538983651,-7.68778792969239,0.0485268395027295,0.000401205687816283,29.1299991554263,1.3,0.0970536790054589,"Plot 6","9_Tree6_Hood",6,9.70536790054589
27,1.75323252739646,4.12988771141122,0.0918910283582162,0.000250540309271403,26.8299999114917,1.3,0.183782056716432,"Plot 6","9_Tree6_Hood",6,18.3782056716432
29,-0.258956205643052,3.36361579532814,0.0679308372840834,0.000245519395839581,25.6000003735466,1.3,0.135861674568167,"Plot 6","9_Tree6_Hood",6,13.5861674568167
30,-1.43269885032254,12.4958922962174,0.197025287217751,0.000649409642947866,25.2299995100047,1.3,0.394050574435502,"Plot 6","9_Tree6_Hood",6,39.4050574435502
31,-0.140817857355237,-11.5033260309947,0.0542569259966626,0.000477814160139538,28.7199992980679,1.3,0.108513851993325,"Plot 6","9_Tree6_Hood",6,10.8513851993325
34,-3.68832713392357,-3.89224882250646,0.185599903296606,0.00197997286307646,29.0300006811152,1.3,0.371199806593211,"Plot 6","9_Tree6_Hood",6,37.1199806593211
35,-4.50325795071094,-5.99832208571815,0.179256170079152,0.00115143772082298,28.7399997506161,1.3,0.358512340158304,"Plot 6","9_Tree6_Hood",6,35.8512340158304
36,-3.43926832594289,-13.2263702707734,0.200648936659544,0.00117165315830356,29.8899993555184,1.3,0.401297873319087,"Plot 6","9_Tree6_Hood",6,40.1297873319087
37,-5.17608429266632,-1.27253014627653,0.231794279761101,0.00118786456040534,27.4999999863969,1.3,0.463588559522201,"Plot 6","9_Tree6_Hood",6,46.3588559522201
3,15.32960591667,4.0529442156065,0.155743254325683,0.000458243370092024,25.8899993509319,1.3,0.311486508651365,"Plot 7","9_Tree7_Hood",7,31.1486508651365
5,13.2435995959804,-8.82024716507114,0.132981389369928,0.000395595469260278,25.4300002691193,1.3,0.265962778739855,"Plot 7","9_Tree7_Hood",7,26.5962778739855
6,12.9786045962218,4.62532195622131,0.147921176920523,0.000318996199201396,25.3600005961837,1.3,0.295842353841047,"Plot 7","9_Tree7_Hood",7,29.5842353841047
10,10.1849793043371,-5.25634964678515,0.121452686679927,0.000516376027928912,26.7800006565702,1.3,0.242905373359854,"Plot 7","9_Tree7_Hood",7,24.2905373359854
11,9.71305057049035,10.6519762437138,0.150676941109778,0.000458762678742069,25.719999290774,1.3,0.301353882219555,"Plot 7","9_Tree7_Hood",7,30.1353882219555
12,8.95132781433793,0.704223908523521,0.212964821263337,0.0001772204749946,26.2499999736721,1.3,0.425929642526675,"Plot 7","9_Tree7_Hood",7,42.5929642526675
14,8.32453877387256,-3.96261933170121,0.0687759116410214,0.000693006423157453,26.9500007560781,1.3,0.137551823282043,"Plot 7","9_Tree7_Hood",7,13.7551823282043
15,7.91756498847981,-7.2726350176464,0.202995120037254,0.000312821809562749,27.3199996625306,1.3,0.405990240074509,"Plot 7","9_Tree7_Hood",7,40.5990240074509
16,7.00227033792303,-12.0881901584653,0.10843728283548,0.000578245467939017,23.1000003681699,1.3,0.21687456567096,"Plot 7","9_Tree7_Hood",7,21.687456567096
17,6.23605106977201,13.4883625625345,0.0861476603788432,0.000872595687393234,27.6100005729852,1.3,0.172295320757686,"Plot 7","9_Tree7_Hood",7,17.2295320757686
18,5.18146039571926,4.95687468457624,0.056441475394179,0.000429885740662487,22.7900008834408,1.3,0.112882950788358,"Plot 7","9_Tree7_Hood",7,11.2882950788358
19,4.64107147980043,0.631637276535881,0.102669713984289,0.000359857115504984,27.7600002094186,1.3,0.205339427968579,"Plot 7","9_Tree7_Hood",7,20.5339427968579
20,-1.30427281506519,5.09028212156502,0.161365711505886,0.000343087693960177,27.1599998142349,1.3,0.322731423011773,"Plot 7","9_Tree7_Hood",7,32.2731423011773
21,-1.4850220878678,0.57234453252264,0.159034057068138,0.000180757908938801,27.9099998458521,1.3,0.318068114136277,"Plot 7","9_Tree7_Hood",7,31.8068114136277
22,-3.17503573804035,-4.88600685211658,0.177908592372949,0.000152166035989186,29.0100002096473,1.3,0.355817184745897,"Plot 7","9_Tree7_Hood",7,35.5817184745897
23,3.97677584095627,-11.8647461422856,0.121830294159872,0.000387924596471128,25.0599994345169,1.3,0.243660588319744,"Plot 7","9_Tree7_Hood",7,24.3660588319744
24,0.493020838280129,-0.4953841362618,0.156718320898271,0.000139203411309431,27.6200008241974,1.3,0.313436641796542,"Plot 7","9_Tree7_Hood",7,31.3436641796542
25,-2.98029271636978,7.0715728207075,0.168057486117233,0.000309597983560144,26.3600005727566,1.3,0.336114972234466,"Plot 7","9_Tree7_Hood",7,33.6114972234466
26,-2.718333637544,10.8722469651015,0.241998545741739,0.000404099042636986,29.610000604831,1.3,0.483997091483478,"Plot 7","9_Tree7_Hood",7,48.3997091483478
27,3.15410422238784,3.40214320038442,0.0452514986775503,0.000393291268075753,26.2499999736721,1.3,0.0905029973551006,"Plot 7","9_Tree7_Hood",7,9.05029973551006
28,-2.89122993783766,8.50093389138926,0.197606598610837,0.000383878729223881,27.9300002695765,1.3,0.395213197221674,"Plot 7","9_Tree7_Hood",7,39.5213197221674
29,1.52639603578894,13.8572507560537,0.18096187923675,0.000404393890164317,29.1299991317941,1.3,0.3619237584735,"Plot 7","9_Tree7_Hood",7,36.19237584735
31,1.79623712149396,-6.91093500816279,0.201911685063615,0.000141514315736944,27.5200004369751,1.3,0.403823370127229,"Plot 7","9_Tree7_Hood",7,40.3823370127229
36,-5.01715062074157,-11.399405992356,0.180419845391141,0.000562773364941319,28.8600005732138,1.3,0.360839690782283,"Plot 7","9_Tree7_Hood",7,36.0839690782283
37,-5.94775185197814,0.9739250097963,0.173547252175181,0.00139961836798935,28.8099994352027,1.3,0.347094504350363,"Plot 7","9_Tree7_Hood",7,34.7094504350363
38,-5.20367241202167,-14.05059988638,0.214845427705782,0.000560881515626446,29.0699996707207,1.3,0.429690855411565,"Plot 7","9_Tree7_Hood",7,42.9690855411565
1,13.8186763139679,-5.9926263975162,0.0963337610160662,0.00112234611671535,25.379999151632,1.3,0.192667522032132,"Plot 8","9_Tree8_Hood",8,19.2667522032132
2,13.5996075535849,-9.26620768229665,0.195509648464999,0.000365411205387885,25.8199996763588,1.3,0.391019296929998,"Plot 8","9_Tree8_Hood",8,39.1019296929998
3,11.3925377629787,3.08861313402334,0.0520732827236538,0.000653672531220601,21.4599990520822,1.3,0.104146565447308,"Plot 8","9_Tree8_Hood",8,10.4146565447308
4,10.6437449300877,-1.30169744033344,0.107644243418359,0.000502474475086772,26.3899993820956,1.3,0.215288486836719,"Plot 8","9_Tree8_Hood",8,21.5288486836719
5,9.50982447317196,-13.8477629764243,0.118208586726387,0.00043475897970838,23.7499999879048,1.3,0.236417173452773,"Plot 8","9_Tree8_Hood",8,23.6417173452773
6,9.05408456676287,1.71434172058531,0.194522026165534,0.000898411827651311,24.9899997501021,1.3,0.389044052331068,"Plot 8","9_Tree8_Hood",8,38.9044052331068
7,7.79284527452512,12.0658443366776,0.164732558322095,0.000384046719710575,27.7199992778114,1.3,0.329465116644191,"Plot 8","9_Tree8_Hood",8,32.9465116644191
8,7.46507465500089,-8.69776227914058,0.195825572961399,0.000244495476723976,26.2499999838803,1.3,0.391651145922798,"Plot 8","9_Tree8_Hood",8,39.1651145922798
9,6.51239537508934,-2.20890465651818,0.161688054381892,0.000264079141317313,26.3799991277202,1.3,0.323376108763785,"Plot 8","9_Tree8_Hood",8,32.3376108763785
10,4.68315924472327,3.16572109397255,0.155581570835461,0.000326596617610013,25.719999288465,1.3,0.311163141670922,"Plot 8","9_Tree8_Hood",8,31.1163141670922
11,4.42685230985789,-0.981230044169485,0.158519757569357,0.000162803968075613,26.6900005086071,1.3,0.317039515138713,"Plot 8","9_Tree8_Hood",8,31.7039515138713
12,3.57989378941482,9.20024410658859,0.204389329551049,0.000143375699788028,28.4599990705497,1.3,0.408778659102098,"Plot 8","9_Tree8_Hood",8,40.8778659102098
13,3.46030025262939,6.84825859124529,0.177389891858792,0.000249684224533494,26.7000007258125,1.3,0.354779783717583,"Plot 8","9_Tree8_Hood",8,35.4779783717583
14,0.0209101165051554,-0.605587486485544,0.132552880921346,0.000231968672995234,27.4300003013454,1.3,0.265105761842692,"Plot 8","9_Tree8_Hood",8,26.5105761842692
15,0.188251555714318,-15.614507526382,0.193893030203111,0.000152074840653384,28.309999455129,1.3,0.387786060406221,"Plot 8","9_Tree8_Hood",8,38.7786060406221
16,3.23001459567506,5.22172563785666,0.156504886089353,0.000308673814812978,25.0799999207906,1.3,0.313009772178705,"Plot 8","9_Tree8_Hood",8,31.3009772178705
17,-1.68843506417327,2.85081972752256,0.13926020038672,0.000294490088018425,27.2000007324416,1.3,0.278520400773439,"Plot 8","9_Tree8_Hood",8,27.8520400773439
19,0.557651434629138,-12.9209239067492,0.164630951056314,0.000328737316978751,27.5499992279799,1.3,0.329261902112628,"Plot 8","9_Tree8_Hood",8,32.9261902112628
20,-3.13338547461848,-6.03529295565294,0.218141168696503,0.000252343173774315,29.9699993076424,1.3,0.436282337393005,"Plot 8","9_Tree8_Hood",8,43.6282337393005
22,-1.68134422687808,4.06498984272346,0.103464619309653,0.000243445659850431,27.8299999200807,1.3,0.206929238619307,"Plot 8","9_Tree8_Hood",8,20.6929238619307
23,2.60654420116593,-6.51785902433886,0.150860559894887,0.000173262131169477,27.709999060606,1.3,0.301721119789774,"Plot 8","9_Tree8_Hood",8,30.1721119789774
24,-2.32446397720201,11.1591607971237,0.176070778870119,0.000471509739302502,31.1499995879375,1.3,0.352141557740238,"Plot 8","9_Tree8_Hood",8,35.2141557740238
25,-3.78437090060151,4.19675310658743,0.114186528285704,0.000782968890312583,29.0900001166888,1.3,0.228373056571408,"Plot 8","9_Tree8_Hood",8,22.8373056571408
26,-3.51862522653154,-9.6736111591695,0.0464416417425309,0.000968610408085713,29.5499992173264,1.3,0.0928832834850619,"Plot 8","9_Tree8_Hood",8,9.28832834850619
29,-5.8368540027935,3.46836135299741,0.229115547337399,0.00265117745846927,29.9799995248478,1.3,0.458231094674799,"Plot 8","9_Tree8_Hood",8,45.8231094674799
30,-5.77631707317049,4.50421951219518,0.0454908453830552,0.0160694686129593,31.3400001465198,1.3,0.0909816907661103,"Plot 8","9_Tree8_Hood",8,9.09816907661103
2,12.8525224682444,-5.92126374916427,0.167251195039217,0.000465022579888623,24.2299995309846,1.3,0.334502390078434,"Plot 9","9_Tree9_Hood",9,33.4502390078434
3,10.4541129895297,-0.916838900999544,0.105407368829275,0.000432897351870239,23.0699996724016,1.3,0.210814737658551,"Plot 9","9_Tree9_Hood",9,21.0814737658551
4,0.770747109183778,7.94868812266489,0.108581624473481,0.000356135388868154,28.3500003632869,1.3,0.217163248946963,"Plot 9","9_Tree9_Hood",9,21.7163248946963
5,8.83726764240769,1.25248301090712,0.0941778448844282,0.000271676610208684,24.6100005876432,1.3,0.188355689768856,"Plot 9","9_Tree9_Hood",9,18.8355689768856
6,0.751437205211593,1.01585799130574,0.156928384576822,0.000203714860157399,26.9300003048091,1.3,0.313856769153644,"Plot 9","9_Tree9_Hood",9,31.3856769153644
7,2.64007172619522,-4.71252742663199,0.191870134114623,0.000166964639802982,25.0599994333072,1.3,0.383740268229246,"Plot 9","9_Tree9_Hood",9,38.3740268229246
8,7.30490144359847,-10.5912893020115,0.084597220192169,0.000640307108799521,23.6900005091477,1.3,0.169194440384338,"Plot 9","9_Tree9_Hood",9,16.9194440384338
10,-0.409244663785317,4.11125560814258,0.159421144681826,0.000271043294841086,26.2999992072794,1.3,0.318842289363652,"Plot 9","9_Tree9_Hood",9,31.8842289363652
11,-0.782099021743603,-3.92971103678476,0.200011267630099,0.000275486179897985,26.2999992072794,1.3,0.400022535260197,"Plot 9","9_Tree9_Hood",9,40.0022535260197
12,3.11971676908518,-11.4757607608425,0.107445977828488,0.000390827867690727,24.9200000562562,1.3,0.214891955656975,"Plot 9","9_Tree9_Hood",9,21.4891955656975
13,0.81159730201654,-11.0738970516025,0.16683177324735,0.000186188641069288,25.5799999009369,1.3,0.3336635464947,"Plot 9","9_Tree9_Hood",9,33.36635464947
14,4.47046078328275,-5.79079818447195,0.126244455632588,0.000189478412762699,24.360000580692,1.3,0.252488911265177,"Plot 9","9_Tree9_Hood",9,25.2488911265177
16,9.26630148818551,-4.30789006747624,0.102005932277844,0.000265922868948843,24.3299999001011,1.3,0.204011864555689,"Plot 9","9_Tree9_Hood",9,20.4011864555689
17,1.40198061268445,3.1536407806967,0.064209965538964,0.000494771482105782,26.7600002132471,1.3,0.128419931077928,"Plot 9","9_Tree9_Hood",9,12.8419931077928
18,0.525687051003528,14.015055798097,0.115718657258479,0.000630844754606927,26.4500007446341,1.3,0.231437314516959,"Plot 9","9_Tree9_Hood",9,23.1437314516958
19,2.90409594550567,6.52479607249561,0.130757941109912,0.000334000961105481,25.6700000431897,1.3,0.261515882219825,"Plot 9","9_Tree9_Hood",9,26.1515882219825
20,0.02651025767564,-0.560959737039271,0.160130010801741,0.000157054158428798,26.6399993564833,1.3,0.320260021603483,"Plot 9","9_Tree9_Hood",9,32.0260021603483
21,1.99566341552322,5.00101197726158,0.160945185464437,0.000341154571208708,26.7499999863835,1.3,0.321890370928873,"Plot 9","9_Tree9_Hood",9,32.1890370928873
22,-0.590989155900015,10.153734139033,0.129163537798457,0.000309542232682501,27.5300006539079,1.3,0.258327075596913,"Plot 9","9_Tree9_Hood",9,25.8327075596913
23,9.99856374405423,-8.82319119712641,0.136145549521913,0.000459480056216915,23.4799995101311,1.3,0.272291099043826,"Plot 9","9_Tree9_Hood",9,27.2291099043826
24,-1.02018213776865,8.70785519495701,0.178797198281568,0.000298404260344814,28.2800006747614,1.3,0.357594396563137,"Plot 9","9_Tree9_Hood",9,35.7594396563137
25,5.89160965642684,-0.566234463908991,0.158842249874779,0.00018664589105086,27.4999999733169,1.3,0.317684499749558,"Plot 9","9_Tree9_Hood",9,31.7684499749558
27,9.09649789420706,6.95744395844725,0.0821733546305093,0.000450513763668118,24.7700004523415,1.3,0.164346709261019,"Plot 9","9_Tree9_Hood",9,16.4346709261019
29,-4.61794109643857,-8.78936856679449,0.141738351916849,0.000287381914689654,26.7499999863835,1.3,0.283476703833698,"Plot 9","9_Tree9_Hood",9,28.3476703833698
30,9.80924700568069,2.69219389167583,0.17248295675974,0.000388979047033844,23.6800002822841,1.3,0.34496591351948,"Plot 9","9_Tree9_Hood",9,34.496591351948
31,4.60632735742741,12.9827161953266,0.146324292756506,0.000622219474079853,26.5699996679578,1.3,0.292648585513012,"Plot 9","9_Tree9_Hood",9,29.2648585513012
32,-5.84146039520352,-12.573598138564,0.0637437313151491,0.000544594644908418,22.719999296334,1.3,0.127487462630298,"Plot 9","9_Tree9_Hood",9,12.7487462630298
33,4.92787982962517,-12.5797552035897,0.129668495313472,0.00041524351496848,23.6200008206222,1.3,0.259336990626944,"Plot 9","9_Tree9_Hood",9,25.9336990626944
36,-4.31006914581112,12.2206919170822,0.201165157130102,0.000982515824667434,26.3999996103158,1.3,0.402330314260203,"Plot 9","9_Tree9_Hood",9,40.2330314260203
37,-5.75978235815692,7.4695756927418,0.137266970783948,0.00216625862874724,27.5599994349788,1.3,0.274533941567897,"Plot 9","9_Tree9_Hood",9,27.4533941567897
38,-6.41826100211617,-6.83562846580396,0.115351513526788,0.00171635785998811,27.6700000648789,1.3,0.230703027053575,"Plot 9","9_Tree9_Hood",9,23.0703027053575
